id,google_rating_whole,rating
d87ae965a1f909d8d32703725c35a2eb998b2f1c,4.1,4
ef1f0577c1a2f9f39abf16d24816defdd7f7543a,3.9,4
b6c1c78243fd2acd03aa5d4d98f493a61f73b8e0,4.1,4
44cbfd25e85fe12aaea8c8e578e838edd3633369,3.7,4
9c0993ef2c1abe6613ff3c5182d2b96617ca913e,4.3,4
733d27c4d69a3b343174dd809efa5ffd0099e8ce,3.8,4
604c97eaca8794592083981b400c15824bf97f9b,3.6,4
459374a0ad6d57ba83c5c91db79cab81ccb8778e,3.7,4
d563b9f794544fa61399a1702d24d3ac962bdcc8,4.2,4
f9ebe4dbffbf1667e594b8b78d6330ae7b1c8813,4,4
2b328779a3231256237af13e65a4da39ec7aaf38,4.6,5
00716f9351b9ec9731f99a4e8dd9f1af92f5c4f6,4,4
2c37099cfa7ab09d2f501e753a488b3a995742eb,4.7,5
a8fcd9bdd8b2d079c296eae58b62ceb0d0abcf85,4.7,5
b03b3cb69d28585bf1ddb7fc07d883a5ec86c89c,3.8,4
de2663184a9631f37f11d7d3723a3979b056d5c3,5,5
2802ca24099b12481788490944aee20ef603bef2,4,4
9bb88ca4510407367bc7f2592775ac5aa69f933d,4.9,5
0bfe86aa4ad791e3f18a60a4ac4f930c9dbfe900,4.4,4
40002a04b613fc7134dcbf49501da3ef367aca3e,3.9,4
2c6d3b7cd378e5552dae5fca5e9af2c1f9661a8d,4.1,4
80b39211e30d322b8abbf9078c55bf2f6d2b8e74,4,4
4948faa559d51dabd2cb1d2701d4399185cd21df,3.6,4
8ce21c22ad44f7499974aebc4fa5086610bae735,3.7,4
e0eee5c7c52025be7b7da0229a80c63c09c28ea2,3.9,4
dc4cee882569b24b5e3438bf4abfc25ccee9982b,3.5,4
c7eae7af8322d726e68eef9640f1ac49522ece38,4.3,4
8c8e558bd77e256f457e5879274195a2cbe1dcc5,3.6,4
449709ce21d9bd394fb7f22ea454525cb73ef575,3.7,4
372df5e9042a11282ed757ca7f774d69c1fce8e3,3.7,4
1311aa4d64e50b3098fc099dadef0d5cc07a428d,2.4,2
e153b1cda4f4b9087af33ee7f73b240b9fd134ac,4,4
bae36c826149905c8cd17b8a03342adb11d941a6,4,4
faba922dc750be4f54873eb269019624e31e3d61,1,1
b175a0594799c03d45d20b8d0dd28ee6f1fa535e,4,4
a0c0aa6d50bdfc15fe342af6dc03d414dd6be2e9,3.4,3
715c0e770f3632e73cd6de08e85e18d4b423be6f,4,4
dec4fea47407f28c49068a057a86ecfc2bfc3bab,3.9,4
e5989dfd036ebcba4ffcc68fa46cb87b9a225388,4.7,5
4447d4c77d432c9f89fec1aef32a2144a22c80ff,3.5,4
88b855b255891586a542870dc0feda94843399ae,3.5,4
8f44c88f1ec1decc429343cba86befb767b5dcdd,2.4,2
4b814f02cfada420ea18ec2addab7dffab28fc58,3.6,4
2b000b346d302ffb903f323fbc402fa674dc89e8,3.6,4
bc6f199ea2160596751ff95c8cd16c1b37617d21,4.1,4
7e019151a7fe875f94d983c9f8ed6116f089b911,3.8,4
fb2d0049d2bd51e16896124db70981312691d579,3.6,4
15444f7206d5d481123bcec890a1eb87231336ba,3.7,4
2d611d1baf03d111cf4dda7d4ae52b1f829b4504,3,3
ce28702d62069bb6fc776962519403f06a9e7a59,4.2,4
79a41a648fba97075b51c00c56e8797c72c769f0,4.2,4
3469661c9aa8895a66e73be01ec7ab56dcaa067e,4.5,5
73b95138982e9b5bd26f9d897fb3d432b1514574,4.3,4
7c2e5141b167849e084f604c8203ae48b1b1c593,3.9,4
de6f0f30f49ed1780eaeccc9cd78456af6d1e491,4.1,4
1b8d6a49507e9e1284fed018496d93f45f97a922,4.1,4
d2359ca3d3f47d4c0f8c4cb884f9cb86cca06d3d,,0
49cd893f8efe7e3e32054e5a9f0cc64eb16ca103,4.4,4
9bfa2a217206d54db71235763e6c9d0bb6012cb4,3.4,3
e4ea4ca33120d94091322eecd0a79700fa693493,3.5,4
18cc06440904ce884726e2776e24bf6beac30e69,3.9,4
36382d2b1f02adcfc9d0c9949e55bea3732c65f9,5,5
97c42152fa4b8ec7d041fc47ac868cdfd180c9e3,1.5,2
617a4c58aa42facac51f3840b9fbc4fce3f62484,4.1,4
d3a8434cfac173f7ab1cdd1ec107f8b79575edd1,3.5,4
29c2e7534c691924f9a44218ce1047054ea69f76,,0
c3281d2a6b54cd03af9eec78c15e5af9f459cb33,2,2
061e49326f60568cf3ce05c2d6b0a05bbd4067e7,4.3,4
8b224127bcc884c5edb43f9504be4e45c8cdfd07,4,4
9080112078edb8507bf0167000f890caeb90dfc2,3.8,4
9ad5ee93b64f116d2f5361307a0b1780bf5f8087,3.7,4
5dd2a419793d17818660340054ed70e71c5a69aa,4.2,4
b104c3d9a3c49e8ca7d29809de4f533a11a6bc40,4.6,5
18e1c51fc43335c8ca7153da8b96dc3a9a74320e,3.8,4
678c7c09621a118e64b95ff223af327a3a506b83,4.1,4
fac035912fba96f360b29c9441071a11529773a2,4,4
312f6ce4e0b569da98e4d4e7bfa7783189f1f705,4.3,4
4a69ff2dd34711c69567e307c9d0fec179cdb49e,4.3,4
70f6341fbf1bc71d6ccf6623f454c213d232fe84,4.5,5
cad72322c867858894c3c2f55261325687688b2f,4.1,4
08fb40ac8472b9c3ccc99d2c881df7b7f027db6f,3.7,4
b6940c25d58fa073132569c9f5ac94f5536b6106,4.5,5
a620a0e5603ab5893d014769fd594eb7afb1c8a0,3.9,4
3e6102041908e2d53425c13dcd860509791c570c,4.1,4
48ca10b65cbcc5d3920a31edc8f378f898ad9670,4.5,5
35649f7a425f9839b0214371331a0724b852e7b5,3.9,4
2c299ff5c26fe87ed643b25ac02bc8e9ebd47c89,4.2,4
45b143b5b7aa68de914ac4ae816d55b4b888e999,3.3,3
8f3b0d56a6a3363c0e72b9584de3005aae154501,4.3,4
b4f1e7796f53f39a6cfa0cc0d4ef0f7fb2ddaf24,4.4,4
6f79636fb8508e7efd4024aa152995da13f4e03c,4.1,4
ca304b540b23c329154c5e3e92c8ec86576c20be,4.6,5
0104502ae0e5fba0990a315be8ebbeea4f081f16,3.9,4
416b253e977f1d779754ad85cf3095d68c1ff902,3.4,3
7b85dddb7c39481b5c9bde49b37a2d116bf4d873,3.8,4
84e541d6becfcbdf017c9ece69d6caa5e189031c,4.4,4
ffe7fe9af05918233d47c3fdc3893c7d46e91ced,3.7,4
04bc65ca0da5d69afc9cb049958672c0af8419b0,3.2,3
bc21e85f447958c7b7aec495b671b44293535c81,4.6,5
9680aec61aa68a34423143c1665857c93534234a,4,4
b77322ad919211a9d3aab2f68006052df4e93a31,4.3,4
c9bf1324eac0fb8a85d754588df872750786e095,4.2,4
48371a0da31cb125d17a9c10db800a169a99cc52,3.9,4
ba35e12c6874600efd6bf7cfcf827cd159b2ad97,4.4,4
d6292e1097d6fa6a5c31bd513afa1ab18084eb29,3.9,4
6a89ed0d375ea710cd52dc20c22e0a36a89a323a,4.1,4
f945c00a3fc52ea508abe859e876be3950fc9a4c,4.2,4
01759834f37fb441e5c4a9bb9f77af2739696274,4.3,4
bdae395aa275a8544dd9cb52e21c1bc58315bd7c,3.6,4
892939490fcb90c8e85c7fdf00bca14b85cdc3d5,4.1,4
cfca96b1a84eb1a06501cccb0ffdaceb28b64313,3.8,4
1472212c908375d9e7f33596c7a16da0cad450bc,3.9,4
0e0c4436e2d0ed4d0fc7f140b3ae358779f235fc,4.1,4
0cad639ade845c31c717bb9143bf829e397528b2,4.1,4
bbf22f812649728b2f82060ec723ab6923bdc656,4.4,4
b4ba6ec2f182fd0defa32f0e7784342afb8d6806,4.2,4
80594ff371473662942d7e1c27174720ef51502f,4.3,4
02cf89fe9e9d362770ed7f826eb7b62925474512,3.9,4
6c6f36b420bd547234267906ed1f43ac2c72383d,4.3,4
5135e9bc2ce9a55edbcb38f8ae76e979e649a67d,4.3,4
17b55584d12c614dece46cebef566eba9b188846,4.1,4
bfac95a25c9f7e4a01edbf426b3517629edf2d3b,3.9,4
78730442ca92d1bdbdce164a7ab605aa8018b180,3.9,4
d33501a5ec6b052e3b192b4f3de51acaf3c83ab9,3.6,4
17d20529af9f3adca85a0e39a0969056b266b911,4.7,5
7063e70a6fe48486db95c015b545bd8ad4d877ea,4,4
00aebcd30e888e4a7b1b186b6f6ef5070d3eb054,4.2,4
2a14506b68fdb2b9e3d44f35f7d08b410607cf11,4.1,4
354cd020f02920d30dd18d32c5e7377e4caa2551,4.1,4
9c3907546d7bd4aaf1d6315057efb250eaeefb47,4.8,5
beac568ca4bea15d2f23bcca47b4b2e628b1138a,3.9,4
fc5ea1df97a2f648ae0f303d33d95052590105ea,4,4
b9ae9206206878187d4e795d9908ee6b756284bf,4.2,4
c28d7bc5664a1394711c5bed767c272d287b3b49,4.4,4
76b7f1d354ab0698c845c1fe67464f0c7c52b425,3.9,4
22ded87fe61070d0cd018aff5356d916f287d931,4.2,4
f1c83fe923d1328405c8fa954b3c3b80f9b4c38d,3.7,4
8610a7b18375c2d1b50ebc6fba63125e9c442387,3.8,4
614ed0dafb1422042938b9cf0de0731029bf319f,4.3,4
9254d84cb0989c24a4023590ccdb0307093fb57e,4.7,5
4da9d39a641001c19b9976f2510cd082b2d453cd,4.3,4
0466bf6181d25f147760dd0259de141e5f2a0a23,4.2,4
d87ae965a1f909d8d32703725c35a2eb998b2f1c,4.1,4
ef1f0577c1a2f9f39abf16d24816defdd7f7543a,3.9,4
b6c1c78243fd2acd03aa5d4d98f493a61f73b8e0,4.1,4
44cbfd25e85fe12aaea8c8e578e838edd3633369,3.7,4
9c0993ef2c1abe6613ff3c5182d2b96617ca913e,4.3,4
733d27c4d69a3b343174dd809efa5ffd0099e8ce,3.8,4
604c97eaca8794592083981b400c15824bf97f9b,3.6,4
459374a0ad6d57ba83c5c91db79cab81ccb8778e,3.7,4
d563b9f794544fa61399a1702d24d3ac962bdcc8,4.2,4
f9ebe4dbffbf1667e594b8b78d6330ae7b1c8813,4,4
2b328779a3231256237af13e65a4da39ec7aaf38,4.6,5
00716f9351b9ec9731f99a4e8dd9f1af92f5c4f6,4,4
2c37099cfa7ab09d2f501e753a488b3a995742eb,4.7,5
a8fcd9bdd8b2d079c296eae58b62ceb0d0abcf85,4.7,5
b03b3cb69d28585bf1ddb7fc07d883a5ec86c89c,3.8,4
de2663184a9631f37f11d7d3723a3979b056d5c3,5,5
2802ca24099b12481788490944aee20ef603bef2,4,4
9bb88ca4510407367bc7f2592775ac5aa69f933d,4.9,5
0bfe86aa4ad791e3f18a60a4ac4f930c9dbfe900,4.4,4
40002a04b613fc7134dcbf49501da3ef367aca3e,3.9,4
2c6d3b7cd378e5552dae5fca5e9af2c1f9661a8d,4.1,4
80b39211e30d322b8abbf9078c55bf2f6d2b8e74,4,4
4948faa559d51dabd2cb1d2701d4399185cd21df,3.6,4
8ce21c22ad44f7499974aebc4fa5086610bae735,3.7,4
e0eee5c7c52025be7b7da0229a80c63c09c28ea2,3.9,4
dc4cee882569b24b5e3438bf4abfc25ccee9982b,3.5,4
c7eae7af8322d726e68eef9640f1ac49522ece38,4.3,4
8c8e558bd77e256f457e5879274195a2cbe1dcc5,3.6,4
449709ce21d9bd394fb7f22ea454525cb73ef575,3.7,4
372df5e9042a11282ed757ca7f774d69c1fce8e3,3.7,4
1311aa4d64e50b3098fc099dadef0d5cc07a428d,2.4,2
e153b1cda4f4b9087af33ee7f73b240b9fd134ac,4,4
bae36c826149905c8cd17b8a03342adb11d941a6,4,4
faba922dc750be4f54873eb269019624e31e3d61,1,1
b175a0594799c03d45d20b8d0dd28ee6f1fa535e,4,4
a0c0aa6d50bdfc15fe342af6dc03d414dd6be2e9,3.4,3
715c0e770f3632e73cd6de08e85e18d4b423be6f,4,4
dec4fea47407f28c49068a057a86ecfc2bfc3bab,3.9,4
e5989dfd036ebcba4ffcc68fa46cb87b9a225388,4.7,5
4447d4c77d432c9f89fec1aef32a2144a22c80ff,3.5,4
88b855b255891586a542870dc0feda94843399ae,3.5,4
8f44c88f1ec1decc429343cba86befb767b5dcdd,2.4,2
4b814f02cfada420ea18ec2addab7dffab28fc58,3.6,4
2b000b346d302ffb903f323fbc402fa674dc89e8,3.6,4
bc6f199ea2160596751ff95c8cd16c1b37617d21,4.1,4
7e019151a7fe875f94d983c9f8ed6116f089b911,3.8,4
fb2d0049d2bd51e16896124db70981312691d579,3.6,4
15444f7206d5d481123bcec890a1eb87231336ba,3.7,4
2d611d1baf03d111cf4dda7d4ae52b1f829b4504,3,3
ce28702d62069bb6fc776962519403f06a9e7a59,4.2,4
79a41a648fba97075b51c00c56e8797c72c769f0,4.2,4
3469661c9aa8895a66e73be01ec7ab56dcaa067e,4.5,5
73b95138982e9b5bd26f9d897fb3d432b1514574,4.3,4
7c2e5141b167849e084f604c8203ae48b1b1c593,3.9,4
de6f0f30f49ed1780eaeccc9cd78456af6d1e491,4.1,4
1b8d6a49507e9e1284fed018496d93f45f97a922,4.1,4
d2359ca3d3f47d4c0f8c4cb884f9cb86cca06d3d,,0
49cd893f8efe7e3e32054e5a9f0cc64eb16ca103,4.4,4
9bfa2a217206d54db71235763e6c9d0bb6012cb4,3.4,3
e4ea4ca33120d94091322eecd0a79700fa693493,3.5,4
18cc06440904ce884726e2776e24bf6beac30e69,3.9,4
36382d2b1f02adcfc9d0c9949e55bea3732c65f9,5,5
97c42152fa4b8ec7d041fc47ac868cdfd180c9e3,1.5,2
617a4c58aa42facac51f3840b9fbc4fce3f62484,4.1,4
d3a8434cfac173f7ab1cdd1ec107f8b79575edd1,3.5,4
29c2e7534c691924f9a44218ce1047054ea69f76,,0
c3281d2a6b54cd03af9eec78c15e5af9f459cb33,2,2
061e49326f60568cf3ce05c2d6b0a05bbd4067e7,4.3,4
8b224127bcc884c5edb43f9504be4e45c8cdfd07,4,4
9080112078edb8507bf0167000f890caeb90dfc2,3.8,4
9ad5ee93b64f116d2f5361307a0b1780bf5f8087,3.7,4
5dd2a419793d17818660340054ed70e71c5a69aa,4.2,4
b104c3d9a3c49e8ca7d29809de4f533a11a6bc40,4.6,5
18e1c51fc43335c8ca7153da8b96dc3a9a74320e,3.8,4
678c7c09621a118e64b95ff223af327a3a506b83,4.1,4
fac035912fba96f360b29c9441071a11529773a2,4,4
312f6ce4e0b569da98e4d4e7bfa7783189f1f705,4.3,4
4a69ff2dd34711c69567e307c9d0fec179cdb49e,4.3,4
70f6341fbf1bc71d6ccf6623f454c213d232fe84,4.5,5
cad72322c867858894c3c2f55261325687688b2f,4.1,4
08fb40ac8472b9c3ccc99d2c881df7b7f027db6f,3.7,4
b6940c25d58fa073132569c9f5ac94f5536b6106,4.5,5
a620a0e5603ab5893d014769fd594eb7afb1c8a0,3.9,4
3e6102041908e2d53425c13dcd860509791c570c,4.1,4
48ca10b65cbcc5d3920a31edc8f378f898ad9670,4.5,5
35649f7a425f9839b0214371331a0724b852e7b5,3.9,4
2c299ff5c26fe87ed643b25ac02bc8e9ebd47c89,4.2,4
45b143b5b7aa68de914ac4ae816d55b4b888e999,3.3,3
8f3b0d56a6a3363c0e72b9584de3005aae154501,4.3,4
b4f1e7796f53f39a6cfa0cc0d4ef0f7fb2ddaf24,4.4,4
6f79636fb8508e7efd4024aa152995da13f4e03c,4.1,4
ca304b540b23c329154c5e3e92c8ec86576c20be,4.6,5
0104502ae0e5fba0990a315be8ebbeea4f081f16,3.9,4
416b253e977f1d779754ad85cf3095d68c1ff902,3.4,3
7b85dddb7c39481b5c9bde49b37a2d116bf4d873,3.8,4
84e541d6becfcbdf017c9ece69d6caa5e189031c,4.4,4
ffe7fe9af05918233d47c3fdc3893c7d46e91ced,3.7,4
04bc65ca0da5d69afc9cb049958672c0af8419b0,3.2,3
bc21e85f447958c7b7aec495b671b44293535c81,4.6,5
9680aec61aa68a34423143c1665857c93534234a,4,4
b77322ad919211a9d3aab2f68006052df4e93a31,4.3,4
c9bf1324eac0fb8a85d754588df872750786e095,4.2,4
48371a0da31cb125d17a9c10db800a169a99cc52,3.9,4
ba35e12c6874600efd6bf7cfcf827cd159b2ad97,4.4,4
d6292e1097d6fa6a5c31bd513afa1ab18084eb29,3.9,4
6a89ed0d375ea710cd52dc20c22e0a36a89a323a,4.1,4
f945c00a3fc52ea508abe859e876be3950fc9a4c,4.2,4
01759834f37fb441e5c4a9bb9f77af2739696274,4.3,4
bdae395aa275a8544dd9cb52e21c1bc58315bd7c,3.6,4
892939490fcb90c8e85c7fdf00bca14b85cdc3d5,4.1,4
cfca96b1a84eb1a06501cccb0ffdaceb28b64313,3.8,4
1472212c908375d9e7f33596c7a16da0cad450bc,3.9,4
0e0c4436e2d0ed4d0fc7f140b3ae358779f235fc,4.1,4
0cad639ade845c31c717bb9143bf829e397528b2,4.1,4
bbf22f812649728b2f82060ec723ab6923bdc656,4.4,4
b4ba6ec2f182fd0defa32f0e7784342afb8d6806,4.2,4
80594ff371473662942d7e1c27174720ef51502f,4.3,4
02cf89fe9e9d362770ed7f826eb7b62925474512,3.9,4
6c6f36b420bd547234267906ed1f43ac2c72383d,4.3,4
5135e9bc2ce9a55edbcb38f8ae76e979e649a67d,4.3,4
17b55584d12c614dece46cebef566eba9b188846,4.1,4
bfac95a25c9f7e4a01edbf426b3517629edf2d3b,3.9,4
78730442ca92d1bdbdce164a7ab605aa8018b180,3.9,4
d33501a5ec6b052e3b192b4f3de51acaf3c83ab9,3.6,4
17d20529af9f3adca85a0e39a0969056b266b911,4.7,5
7063e70a6fe48486db95c015b545bd8ad4d877ea,4,4
00aebcd30e888e4a7b1b186b6f6ef5070d3eb054,4.2,4
2a14506b68fdb2b9e3d44f35f7d08b410607cf11,4.1,4
354cd020f02920d30dd18d32c5e7377e4caa2551,4.1,4
9c3907546d7bd4aaf1d6315057efb250eaeefb47,4.8,5
beac568ca4bea15d2f23bcca47b4b2e628b1138a,3.9,4
fc5ea1df97a2f648ae0f303d33d95052590105ea,4,4
b9ae9206206878187d4e795d9908ee6b756284bf,4.2,4
c28d7bc5664a1394711c5bed767c272d287b3b49,4.4,4
76b7f1d354ab0698c845c1fe67464f0c7c52b425,3.9,4
22ded87fe61070d0cd018aff5356d916f287d931,4.2,4
f1c83fe923d1328405c8fa954b3c3b80f9b4c38d,3.7,4
8610a7b18375c2d1b50ebc6fba63125e9c442387,3.8,4
614ed0dafb1422042938b9cf0de0731029bf319f,4.3,4
9254d84cb0989c24a4023590ccdb0307093fb57e,4.7,5
4da9d39a641001c19b9976f2510cd082b2d453cd,4.3,4
0466bf6181d25f147760dd0259de141e5f2a0a23,4.2,4
621dbed74a20a218993ade05b484fce21829e714,4.2,4
b4f1e7796f53f39a6cfa0cc0d4ef0f7fb2ddaf24,4.4,4
9b50d0be381d00572c7ee8e488dd8a66f0f2eb7f,4.3,4
0104502ae0e5fba0990a315be8ebbeea4f081f16,3.9,4
70a016231ce1739083d1c5033d364a958264aef0,4.2,4
1680eb6d2ed6dad2753b9fba81b587705173b386,4.1,4
402945fc732fc0fef631e16ac547bc796ca17336,5,5
f826e3d6e46e3191e03a2cc0596e0c2c11d3d671,4.4,4
25fdf9b52298cb7a233c5ed024f670bf07e809b6,4.4,4
59bc7a1ae773f09ee885237016530b5bb4b6c21e,4.2,4
f1fd60d6c8017aefb17931258c634bb0251dad11,4.3,4
2a9e43d71658ce39a4a31818d63c087dd2a85c6c,3.8,4
1167496e9ec03104b3600e676bb1460da0529ce3,4.3,4
43cf6642bd6d77845abb7eb63c462f7dd8b9a00b,4.3,4
7e4bafad5ff1afff3ff1d26a1767875d17b2e9d7,4.4,4
a9c13f45fb0fa771111d701e6ba0d4712d30853f,4.1,4
89d114ee3e0b11c6c335e9a11f1303bd24a44884,3.5,4
2a14506b68fdb2b9e3d44f35f7d08b410607cf11,4.1,4
8cb39e4e20083ee0f9ba03eca694e0363d26de0e,4.4,4
1b520ca30b2fe969fd31cfebbcbe863245072c8c,4.2,4
e6f1bb610c07b355dcf782799abf735e833fcb9b,4.3,4
22ded87fe61070d0cd018aff5356d916f287d931,4.2,4
6e89dfb4d2107b98a2fefbb59ea9583a78861f48,4,4
06ddd638bb005fc6a1ae9d4e98cb469ad3ea6bb2,4.2,4
be048343adfea1849acee20be66df54e09f9eaf5,4,4
03d1bc07be659b6214fd868bba3bb8af5dbf101f,4,4
1c4a1a0e680600483a2e806335f65a79cd61f46c,4.3,4
7063e70a6fe48486db95c015b545bd8ad4d877ea,4,4
daf1cf9816bdf4b0b876c935ad0658bf4ae1b5c7,4.1,4
4484646ea1c0ed118072501403d863270b81e8a4,4.4,4
7ec74e7940e796a55cfe2238623be51a3b74545d,4.3,4
2483ef601964c132b8f00dfc390d109d25933088,4.2,4
ce9d7b6d4e592faddad48d754c657bb894526ee0,4.7,5
75f588b7da66faf95dc11355b19d54bf0b5f0e47,4.2,4
e609dba6c1d7b7a734ca48e084267de365751601,3.8,4
3f47be93a3c27cc79faf95df0bd1a75f6977c42c,3.9,4
1472212c908375d9e7f33596c7a16da0cad450bc,3.9,4
fb4447b78f88af7f8019f4365a4183b51d8b1ede,4.3,4
061e49326f60568cf3ce05c2d6b0a05bbd4067e7,4.3,4
3e6102041908e2d53425c13dcd860509791c570c,4.1,4
cbbaceb306770f0a41a93ae83cef46aa469d181e,4.6,5
8f3b0d56a6a3363c0e72b9584de3005aae154501,4.3,4
918244bc28c7102c5ea19b75c617c69caf50e790,4.2,4
8d5ad1b9a0862670b5f3cbe8d816f9773264df44,4.3,4
c7f68ebc38446d74aaf0e66ecf85d44747dc44b8,4.3,4
621dbed74a20a218993ade05b484fce21829e714,4.2,4
b4f1e7796f53f39a6cfa0cc0d4ef0f7fb2ddaf24,4.4,4
9b50d0be381d00572c7ee8e488dd8a66f0f2eb7f,4.3,4
0104502ae0e5fba0990a315be8ebbeea4f081f16,3.9,4
70a016231ce1739083d1c5033d364a958264aef0,4.2,4
1680eb6d2ed6dad2753b9fba81b587705173b386,4.1,4
402945fc732fc0fef631e16ac547bc796ca17336,5,5
f826e3d6e46e3191e03a2cc0596e0c2c11d3d671,4.4,4
25fdf9b52298cb7a233c5ed024f670bf07e809b6,4.4,4
59bc7a1ae773f09ee885237016530b5bb4b6c21e,4.2,4
f1fd60d6c8017aefb17931258c634bb0251dad11,4.3,4
2a9e43d71658ce39a4a31818d63c087dd2a85c6c,3.8,4
1167496e9ec03104b3600e676bb1460da0529ce3,4.3,4
43cf6642bd6d77845abb7eb63c462f7dd8b9a00b,4.3,4
7e4bafad5ff1afff3ff1d26a1767875d17b2e9d7,4.4,4
a9c13f45fb0fa771111d701e6ba0d4712d30853f,4.1,4
89d114ee3e0b11c6c335e9a11f1303bd24a44884,3.5,4
2a14506b68fdb2b9e3d44f35f7d08b410607cf11,4.1,4
8cb39e4e20083ee0f9ba03eca694e0363d26de0e,4.4,4
1b520ca30b2fe969fd31cfebbcbe863245072c8c,4.2,4
e6f1bb610c07b355dcf782799abf735e833fcb9b,4.3,4
22ded87fe61070d0cd018aff5356d916f287d931,4.2,4
6e89dfb4d2107b98a2fefbb59ea9583a78861f48,4,4
06ddd638bb005fc6a1ae9d4e98cb469ad3ea6bb2,4.2,4
be048343adfea1849acee20be66df54e09f9eaf5,4,4
03d1bc07be659b6214fd868bba3bb8af5dbf101f,4,4
1c4a1a0e680600483a2e806335f65a79cd61f46c,4.3,4
7063e70a6fe48486db95c015b545bd8ad4d877ea,4,4
daf1cf9816bdf4b0b876c935ad0658bf4ae1b5c7,4.1,4
4484646ea1c0ed118072501403d863270b81e8a4,4.4,4
7ec74e7940e796a55cfe2238623be51a3b74545d,4.3,4
2483ef601964c132b8f00dfc390d109d25933088,4.2,4
ce9d7b6d4e592faddad48d754c657bb894526ee0,4.7,5
75f588b7da66faf95dc11355b19d54bf0b5f0e47,4.2,4
e609dba6c1d7b7a734ca48e084267de365751601,3.8,4
3f47be93a3c27cc79faf95df0bd1a75f6977c42c,3.9,4
1472212c908375d9e7f33596c7a16da0cad450bc,3.9,4
fb4447b78f88af7f8019f4365a4183b51d8b1ede,4.3,4
061e49326f60568cf3ce05c2d6b0a05bbd4067e7,4.3,4
3e6102041908e2d53425c13dcd860509791c570c,4.1,4
cbbaceb306770f0a41a93ae83cef46aa469d181e,4.6,5
8f3b0d56a6a3363c0e72b9584de3005aae154501,4.3,4
918244bc28c7102c5ea19b75c617c69caf50e790,4.2,4
8d5ad1b9a0862670b5f3cbe8d816f9773264df44,4.3,4
c7f68ebc38446d74aaf0e66ecf85d44747dc44b8,4.3,4
e2f4a1a6c2008a68975cbf1b050cdaa660322a69,4.2,4
d191b6079ca7f28d88d5b7d8ceecdf3b22cb24c3,4.7,5
60b739ff9de0dfc3012091bf799ee740071f5432,3.8,4
4bc8d4f87f3f082fcd760183f836125b6d3d44fd,3.6,4
57b1c44cef003822ec05c5ff4a795da7b454dc0c,4.5,5
799ed720715039749f488538a23b7962cd2aa3b2,4.4,4
d56b5f7707773593c89d313cc7da23c9620604d7,4.6,5
0b2508355aa03070c7c87d3c02f34f6aa7a421e9,4.5,5
45d8399b5b13f575a6cb8b160b90e79b38cea5bd,1.8,2
8c4df43b86ad5012caa68b9f2193a7543347d153,4.6,5
32f182cbf540102f0dbadc44317f5db058df6b68,4.5,5
8ec13cb34b2ccf93cd6653f21ae026dcb1355528,4.3,4
78add3fba7ad5e65e79cc0eb0eca2dd05119e348,5,5
9988325546e0a0b98e268e0e54689fe242fe7808,4,4
6e2bb86dc0544998b5f3635e3a4e743ecc0af738,4.6,5
1a6d930c8f12c0cf98d2f5a52ed1430662932537,4.1,4
b10686e7e5f617ae02ee1593db1e8ab13d466aa6,4.5,5
7afa48f20d3bea5a51a2e3242b8ac986882942c4,3.9,4
becbdd9d1342a88c260659fee06d7ac5f74d9641,3.7,4
9c863e4fa45312a1c0705cd5212789971b592b28,4,4
8213bc0b921db87bcce8405e0e7f71f05e841cac,2.1,2
a2c57581a4f0af26c30dabd2c807310046cd8056,4.1,4
e7c01e31441e578db053d61901b5540353de0557,3.8,4
5a2edca91b0980a6585d8594e72a077d26d1b2b7,4.2,4
bad862eae11761e2586e165fb6f27f4d8bec70d6,4.8,5
42746ff32ec3a48a08aa340c2d90d9828688fa2c,4.1,4
ccad83a7f1f25a1e05b5eb21a7aac755cf8d3ed3,5,5
e6db197da19d9e89b6e330a5245ab6c4de35db88,4.3,4
18bf151e888dcdc7ca649a750ae77292e95365f0,4.6,5
74362541cd0a37c2a8283d48fc829fdba241a9f1,3.2,3
62c99fa4d9c334c9c26111b5f42146e10ec2dc42,3.9,4
48ddafb115177d98a1ccb02e14bd1cdac2884c89,4.6,5
62267bc67405d65a2683ade2cc3414a9af8da1e9,4.7,5
53172535d42fb85d8b9ce67db1f3648997cbe6eb,4,4
9c734d2ff878e52c6b33ae637911110b02467d08,4,4
91b2d297197ff42d103ecea7669ed0dcd618b00a,4.4,4
6bdc52db48dd6e736245d4a8d07f10951c085863,4.1,4
20529c6f3ae83ad38c01a25a592bf72e53279c44,4.2,4
3944bbc54b1c76c6b74a5ebf2ca578b4085123c2,4.7,5
8df939ea46dd2eda37bd2bb12c299c5c6788fd94,4,4
25a260dbfc2026f310162e8eaef1dce37624e3d9,3.7,4
56d2ebfd9110f2a09b1fe2ee0872368e5ab48b1c,3.8,4
06ddd638bb005fc6a1ae9d4e98cb469ad3ea6bb2,4.2,4
d97db8339e744978c5a6a31e9819139af1d361e7,4.3,4
c244f194010eb929e98586eae4e857469161cc9a,4.1,4
e7b47e93545dbc385aa2eb36f9f0e021c0eed498,4.2,4
a9366341670fa52e0d14be3ab6fcd8e2af2eb154,3.5,4
e2f4a1a6c2008a68975cbf1b050cdaa660322a69,4.2,4
d191b6079ca7f28d88d5b7d8ceecdf3b22cb24c3,4.7,5
60b739ff9de0dfc3012091bf799ee740071f5432,3.8,4
4bc8d4f87f3f082fcd760183f836125b6d3d44fd,3.6,4
57b1c44cef003822ec05c5ff4a795da7b454dc0c,4.5,5
799ed720715039749f488538a23b7962cd2aa3b2,4.4,4
d56b5f7707773593c89d313cc7da23c9620604d7,4.6,5
0b2508355aa03070c7c87d3c02f34f6aa7a421e9,4.5,5
45d8399b5b13f575a6cb8b160b90e79b38cea5bd,1.8,2
8c4df43b86ad5012caa68b9f2193a7543347d153,4.6,5
32f182cbf540102f0dbadc44317f5db058df6b68,4.5,5
8ec13cb34b2ccf93cd6653f21ae026dcb1355528,4.3,4
78add3fba7ad5e65e79cc0eb0eca2dd05119e348,5,5
9988325546e0a0b98e268e0e54689fe242fe7808,4,4
6e2bb86dc0544998b5f3635e3a4e743ecc0af738,4.6,5
1a6d930c8f12c0cf98d2f5a52ed1430662932537,4.1,4
b10686e7e5f617ae02ee1593db1e8ab13d466aa6,4.5,5
7afa48f20d3bea5a51a2e3242b8ac986882942c4,3.9,4
becbdd9d1342a88c260659fee06d7ac5f74d9641,3.7,4
9c863e4fa45312a1c0705cd5212789971b592b28,4,4
8213bc0b921db87bcce8405e0e7f71f05e841cac,2.1,2
a2c57581a4f0af26c30dabd2c807310046cd8056,4.1,4
e7c01e31441e578db053d61901b5540353de0557,3.8,4
5a2edca91b0980a6585d8594e72a077d26d1b2b7,4.2,4
bad862eae11761e2586e165fb6f27f4d8bec70d6,4.8,5
42746ff32ec3a48a08aa340c2d90d9828688fa2c,4.1,4
ccad83a7f1f25a1e05b5eb21a7aac755cf8d3ed3,5,5
e6db197da19d9e89b6e330a5245ab6c4de35db88,4.3,4
18bf151e888dcdc7ca649a750ae77292e95365f0,4.6,5
74362541cd0a37c2a8283d48fc829fdba241a9f1,3.2,3
62c99fa4d9c334c9c26111b5f42146e10ec2dc42,3.9,4
48ddafb115177d98a1ccb02e14bd1cdac2884c89,4.6,5
62267bc67405d65a2683ade2cc3414a9af8da1e9,4.7,5
53172535d42fb85d8b9ce67db1f3648997cbe6eb,4,4
9c734d2ff878e52c6b33ae637911110b02467d08,4,4
91b2d297197ff42d103ecea7669ed0dcd618b00a,4.4,4
6bdc52db48dd6e736245d4a8d07f10951c085863,4.1,4
20529c6f3ae83ad38c01a25a592bf72e53279c44,4.2,4
3944bbc54b1c76c6b74a5ebf2ca578b4085123c2,4.7,5
8df939ea46dd2eda37bd2bb12c299c5c6788fd94,4,4
25a260dbfc2026f310162e8eaef1dce37624e3d9,3.7,4
56d2ebfd9110f2a09b1fe2ee0872368e5ab48b1c,3.8,4
06ddd638bb005fc6a1ae9d4e98cb469ad3ea6bb2,4.2,4
d97db8339e744978c5a6a31e9819139af1d361e7,4.3,4
c244f194010eb929e98586eae4e857469161cc9a,4.1,4
e7b47e93545dbc385aa2eb36f9f0e021c0eed498,4.2,4
a9366341670fa52e0d14be3ab6fcd8e2af2eb154,3.5,4
a84f1865bb3c57dc505379edb14b71e3c46386ae,4.4,4
4a69ff2dd34711c69567e307c9d0fec179cdb49e,4.3,4
5dd2a419793d17818660340054ed70e71c5a69aa,4.2,4
86b8789c2b39e2d9dbca493764c0eba18d7e61dd,4.4,4
2b328779a3231256237af13e65a4da39ec7aaf38,4.6,5
1c6afc6bde3fe601bc426bcc359f81bc3e4c6127,4,4
4484646ea1c0ed118072501403d863270b81e8a4,4.4,4
2376f73ef82b264b977fe603dc60d09b39e05d7e,4.1,4
ffe7fe9af05918233d47c3fdc3893c7d46e91ced,3.7,4
40002a04b613fc7134dcbf49501da3ef367aca3e,3.9,4
061e49326f60568cf3ce05c2d6b0a05bbd4067e7,4.3,4
b4ba6ec2f182fd0defa32f0e7784342afb8d6806,4.2,4
05b8f08985799f1467111db6a5c9732cefcf2543,4.1,4
03d1bc07be659b6214fd868bba3bb8af5dbf101f,4,4
15b8ad3572775ff5632809673e1fd260f33ae673,4.5,5
f9ebe4dbffbf1667e594b8b78d6330ae7b1c8813,4,4
b206eafe3bdbfdf8c68fc0e8135118e4c25b7774,4.6,5
6f6fd225fdb6c5275b30ba0e9c7115788f452baa,4.5,5
a24657a7e139789072f79f1d54d71c35fd4e3b10,,0
56ec40093ca696606b24a547ffafb1a4bf1b9273,4.3,4
7063e70a6fe48486db95c015b545bd8ad4d877ea,4,4
aedf1f43991a1b320a22617cfcdc4bcfbc3d672f,4.4,4
7fc3b6f026e4e45c10d285d20fe18858b451460f,4.5,5
c28d7bc5664a1394711c5bed767c272d287b3b49,4.4,4
245bcae81f290de3e71f7a6412b796d89a1a4993,4.1,4
202f8d5660e312813f342db06a9c432ba7f05f80,4.5,5
4da9d39a641001c19b9976f2510cd082b2d453cd,4.3,4
d7cda5a8bc40a3da64107645fabbafabfff3bced,4,4
4050901dc3c1631d555de50a51068445ad57be4b,4.3,4
d6c3d93358702db2a91245eae515711fccc4a5e0,,0
097b2a7d6b6ce200c0831deec40852525ecfdb87,4.6,5
aca791b1377f057debcf53be08ea5bb0d6220812,4.2,4
3e6102041908e2d53425c13dcd860509791c570c,4.1,4
572f660080e68b3c7dd2d1264cec8ac1d79c64a0,3.9,4
9dc89a1736502664e8d49c22a8f2c6d7dd843f77,4.8,5
6be62e58a08a5fbf69cab6dd00d1fa865999a173,4.5,5
83e2531b6146d00f4a0f4b280d9bbb9c9f29b334,3.9,4
76bec3bef033d6281a4b8e3ec42b373bf02a1cf5,4.2,4
6f0038170105275bd51ca6db9c4f0d9d73ce9182,4.1,4
bbf22f812649728b2f82060ec723ab6923bdc656,4.4,4
80b39211e30d322b8abbf9078c55bf2f6d2b8e74,4,4
4b814f02cfada420ea18ec2addab7dffab28fc58,3.6,4
22170ca7f7d156f1bf712e5a54b8431458ea5ff7,,0
e0eee5c7c52025be7b7da0229a80c63c09c28ea2,3.9,4
4bb3b44ec6f43d6f1fe0af5cfc392b2bc3a957c0,3.9,4
a84f1865bb3c57dc505379edb14b71e3c46386ae,4.4,4
4a69ff2dd34711c69567e307c9d0fec179cdb49e,4.3,4
5dd2a419793d17818660340054ed70e71c5a69aa,4.2,4
86b8789c2b39e2d9dbca493764c0eba18d7e61dd,4.4,4
2b328779a3231256237af13e65a4da39ec7aaf38,4.6,5
1c6afc6bde3fe601bc426bcc359f81bc3e4c6127,4,4
4484646ea1c0ed118072501403d863270b81e8a4,4.4,4
2376f73ef82b264b977fe603dc60d09b39e05d7e,4.1,4
ffe7fe9af05918233d47c3fdc3893c7d46e91ced,3.7,4
40002a04b613fc7134dcbf49501da3ef367aca3e,3.9,4
061e49326f60568cf3ce05c2d6b0a05bbd4067e7,4.3,4
b4ba6ec2f182fd0defa32f0e7784342afb8d6806,4.2,4
05b8f08985799f1467111db6a5c9732cefcf2543,4.1,4
03d1bc07be659b6214fd868bba3bb8af5dbf101f,4,4
15b8ad3572775ff5632809673e1fd260f33ae673,4.5,5
f9ebe4dbffbf1667e594b8b78d6330ae7b1c8813,4,4
b206eafe3bdbfdf8c68fc0e8135118e4c25b7774,4.6,5
6f6fd225fdb6c5275b30ba0e9c7115788f452baa,4.5,5
a24657a7e139789072f79f1d54d71c35fd4e3b10,,0
56ec40093ca696606b24a547ffafb1a4bf1b9273,4.3,4
7063e70a6fe48486db95c015b545bd8ad4d877ea,4,4
aedf1f43991a1b320a22617cfcdc4bcfbc3d672f,4.4,4
7fc3b6f026e4e45c10d285d20fe18858b451460f,4.5,5
c28d7bc5664a1394711c5bed767c272d287b3b49,4.4,4
245bcae81f290de3e71f7a6412b796d89a1a4993,4.1,4
202f8d5660e312813f342db06a9c432ba7f05f80,4.5,5
4da9d39a641001c19b9976f2510cd082b2d453cd,4.3,4
d7cda5a8bc40a3da64107645fabbafabfff3bced,4,4
4050901dc3c1631d555de50a51068445ad57be4b,4.3,4
d6c3d93358702db2a91245eae515711fccc4a5e0,,0
097b2a7d6b6ce200c0831deec40852525ecfdb87,4.6,5
aca791b1377f057debcf53be08ea5bb0d6220812,4.2,4
3e6102041908e2d53425c13dcd860509791c570c,4.1,4
572f660080e68b3c7dd2d1264cec8ac1d79c64a0,3.9,4
9dc89a1736502664e8d49c22a8f2c6d7dd843f77,4.8,5
6be62e58a08a5fbf69cab6dd00d1fa865999a173,4.5,5
83e2531b6146d00f4a0f4b280d9bbb9c9f29b334,3.9,4
76bec3bef033d6281a4b8e3ec42b373bf02a1cf5,4.2,4
6f0038170105275bd51ca6db9c4f0d9d73ce9182,4.1,4
bbf22f812649728b2f82060ec723ab6923bdc656,4.4,4
80b39211e30d322b8abbf9078c55bf2f6d2b8e74,4,4
4b814f02cfada420ea18ec2addab7dffab28fc58,3.6,4
22170ca7f7d156f1bf712e5a54b8431458ea5ff7,,0
e0eee5c7c52025be7b7da0229a80c63c09c28ea2,3.9,4
4bb3b44ec6f43d6f1fe0af5cfc392b2bc3a957c0,3.9,4
53068e649d13a0fc6afe15ec004ae5242454a2cc,4.2,4
7576b76ed1c1b5d0f619d5c423d563c93189a414,4.1,4
4d501d67a799e5401b1c8b6d23735c7f3a85fea4,4.5,5
bd59bbd013dd83c376feb99131a2ffcddf5f9208,3.8,4
a9c13f45fb0fa771111d701e6ba0d4712d30853f,4.1,4
cf81b6bc19766aa7adc65039956d866330f0ee54,4.6,5
a3de0d2f5dd73053fe3eb97f07e6779beaaa7eb3,4.2,4
d0de84694d80dc6cc5125503a33409de5dbf943a,4,4
a3d7135aa8952e635aceca541df6245a9cd9d3e8,3.6,4
eca38cbfcfe5909d1d2c232aaabffe0520c0cf64,4.5,5
4ef8d2c18e8e01b512f645d4a18809e8e65574dc,4,4
50287feaeba87c43eb69ebfccc50d1686590200f,4.4,4
7b5e7570eec6755fa995f91aed99308cbf768b25,4.5,5
a09707dce7dc077b207324150e3bac8a0246eaff,3.6,4
23faa24985ebf05c504674637aab0766e19595ed,3.7,4
0a5e7af5422471a7e0abcc74ad7be2705c83ab84,3.9,4
6b027d4f1f1cd2d7e50ef4513d72245ee8e83c3b,4.4,4
66e6bc19131cc1102b085c10a9553f0318f34bb2,4.9,5
c6df1270bc4e684b854f8e8af2d3eb9d6f45609c,4.9,5
4de0977b1136a8cd34cfe448145e5ee4e877b9aa,3.6,4
84f7039dbeaa1e167d298b99c7a7015f0ffb1248,4.5,5
0294dc546d01b3b00489d68640da681a025967c9,4.9,5
c84252b73952c649c1e9697fcf98a875d3e11ce4,3.5,4
c41bcc80fb2748475142499cb63e1e2382150552,4.7,5
86e215f7567acf4a76eb08e0bd18458bca4d4bc4,4.4,4
f57a1a53fd6cb667bf1590293a256823f19eeb94,4.3,4
9ad13a5ae7ab5738cb3e1427478706a49e41796f,4.7,5
9cd0758c3453a6c0ebf443f1757ebe5b7b812186,4,4
6560f418a16d5e84ff3f50985849733ab8976931,3.9,4
f47572cbbf205cc55e0a8e681eccb0fc616f1f09,1,1
f645e8a903b412bfad42a58600ab435d5acb9262,4,4
c06d3ff7d81c13b352751d0604db1480a55c372b,3.1,3
862b481b8d0586019fb7f8a688f3518d7a0336c4,3.7,4
b9282efd1727885c98ca6ddb6fbe1218effd126e,4.2,4
ee3346dd0fb6e85fe8c580ef8685748ba069b1a9,3.9,4
97abba7e9e0b34aeedbed9b2aece264d47ef4514,3.4,3
63958b098eb88d7bdd4592b8816d04c35fd4411c,4.1,4
24786acf744351a4cdff2fc9ee2a78d435c5122b,3.1,3
6b173dde262447f39e2591fe36568aadb66ef4f4,3.1,3
97bd202c4942fdf553b89045ef6a29b9f2a84415,4,4
8f551157995b683d14333b3c6f1f0e32a42eb677,4.6,5
6516f166c7e3ecfd763280d14eb4035c8b5f97b4,4.4,4
c277d703167ef728bf8c7fdc2ac7279053986a97,4.8,5
fa105d23df2289e23dc9cb395db8c383581ef531,4.3,4
2d0bca059db365d3890d8d44a46e69084d3096b3,4.1,4
4e5fc75a91f2feac8fe6b209f499642347ab1698,4.3,4
f3a5c8f9df833ee84c9bd431d8fab086d3552aab,4.1,4
444c3887c8ab8c6028bd210235b5483bf8003663,2.8,3
4b7de882a4aba554c17fa96be8bcaed78d8be78c,4.5,5
c161f10fe8a419c4cd5db34af1cda7a608996cee,3.9,4
2e18c90db58bce817da3485cecae2792f8cf82d6,3.3,3
bfadff28b5bdbb0013c90a5e4900869c3118b8be,5,5
4c88ca27dbe7ab863b5fe27a54a1abf1807dec2e,5,5
5bd823cdd172f35ac4136c632df5dafe4f6d9100,3.4,3
e18ee32ed3342ba654956f5bf3dc1df962aa203d,4.6,5
77c849df0c338a4c1a3ead5fb64552ba92f868c5,3.8,4
22f473f219ab9871941da9b0d78bcf9ad745c971,3,3
1a50b64c10f8c2cfc469ad73883deccf2557e6f0,3.7,4
29941e3ef60667defb36b034bab760a9517e1ccc,5,5
f651e089ddb3932af074100a68258a153812dbb7,4.6,5
5f85bdb3cfb2051668b8143a74c7ae28ea6cc0b9,3,3
9bd68e4d716bfbe2cf64907548b39869c7700fa1,4.3,4
6c01fb93341d6598623aae897aa294ca0bd2a870,3.7,4
daa4ebb0cb11fc16b26bc834487def0067c6a812,3.9,4
000074d050339b044bc8b35831180043122eba99,4.4,4
4b15ed8fd662db61fdd07d9319e1b6006e886c5f,3.4,3
729002a8183fc25332ae6c875f37b4536b290f2d,3.9,4
7d85795d9c93a920af06a89c190495b0be7fa666,3.6,4
bb6699bc2322238e892921b45fa95cbdba8bdea7,4,4
7823f69bc0ab54777e24d32b301e8572ca58e8ca,3,3
37ec4158dbeaad62937d5e8bcac0b9fc917c67a7,4.7,5
3a9512d3c90defdc59b91387f6a5a78f3acdd555,3.4,3
3800667fd9152798ecb914a41cf555391ce649f0,4.5,5
785c463e7f5178c6de1cef0ac7552299f8d44540,4.1,4
69cf350039ea645fc74022ea071f86b8c06c0966,,0
751c965d08fd817b550a21c8d93e2f93c2e6fdf9,4.4,4
cc764fb761a84d4984555ef4cbcd69ba0a10d5aa,4.2,4
739a7c63328ef8eb848cf9d22e1e1dd477b4dacf,4.2,4
b824d9028931ca9be6eb4b057bd8dafda5751791,2.9,3
8a82425cd4d7308366cf387a3b4885f247032042,4.8,5
ecd6f9a545aaf42e981568178df027fee1adffce,4,4
e5ea0c572b36ac59be7e61098ba6a48cf347ea98,3.8,4
c02056d221356d82d0c5c915409fb903230d4380,4,4
dd9948564629f22be1fdcbebf4aafd4b5258bfbc,3.7,4
1680eb6d2ed6dad2753b9fba81b587705173b386,4.1,4
1df2c7cf0754da0dcab8dcc13dfa8a5905c1bbdf,3.6,4
051c5f446250d42355e6c1be49104e9f30dcd213,3.8,4
cd3889a96139c9e0972b907920bdbc8e2037cad6,4.3,4
c4ba687f846558511ced8d91eb18eb3e82011efd,4.4,4
835a80465f679782ce1216bf48e8e24711b902ad,4.4,4
fb0e488409f44d0c98f261137175bca179c61cba,3.8,4
294b69d4e0b89904eeaf1eff5f3beb49d7574e9d,3,3
a6d0d3072dad1847afb691c4db1806acd58ed268,4.9,5
323321ed2fded2330c42dfb47539c4dabba33d96,3.8,4
cef38e4ff5b699d660770355052d2e9f986d05ef,5,5
b1ffdfa80a0bdb9652b0b19ea240c069f745bcc8,4.3,4
de2d91a02ff035414be61c91473269f9e1b0949f,3.6,4
51ca4dcf40b958d1b28b6a7883f912ecb5052d12,3.8,4
e25e9cd9acd10a502ed38fab1883833990864e38,5,5
34ecfc6fa09c9402db5b866adc4f8d4298fff4b2,,0
c9493726b045751555edae7d543740421a9241b7,4.3,4
2200e18457d8cd2b7fc72744dc1440007ae94ca2,2.7,3
d764a470c0d1ab0aea61b064753dca665c34b6e1,5,5
cf4082992932cf64cc387f741ac347c77eb1f540,3.4,3
0fadb1f7e51216b8a5a4762eeecf013af62e02fd,4.8,5
9164fd28184b076ec97b6c718460c59c09c23bd3,3.7,4
a952cee6a3c47ea5d88a3c5cfee569e645b89396,3,3
1dbbc2e281560e169253c0e907368ac21d8a197d,3.7,4
3a8c29db5c6989965dfe4f973c8a81934ac1e29f,5,5
fce349a17f1ad0a346d6bd7aabf9ee0b3b2bc887,4.4,4
4b005d8ab5fadc60004045111381e5a27bbee12e,4.3,4
69c416dd71da81ad5cdce35da671c09eed64df47,,0
936191fe37dd053c8ba12debc01289bc0c920cd3,4,4
4bfdb8d3058c90c9bb02c40fabdee725592485e4,4.2,4
b6dd4465f57e9414c85575fab0e888635d65de25,4.3,4
bf2b9a757b011fb41a1b9b3247ad67fbec82e0f1,4,4
d306832005c1b7a5ec741992ad154f78244a4a91,4.2,4
b60b0d4f77f2bf601dfdf6880aeeb4b1c4e6e0b0,3.6,4
c66ef342175d4fb9bc69a971c3f0045f2b2ec306,4.2,4
ef8042f151abb64ac5df53ba750792de136396e6,3.2,3
356437fd046018329702124f4f8d2d04271fef9c,4.5,5
878994ba0376e112de4d77d0901424963cb9c11d,4.2,4
a9eecb7e6cce26fcef64369983f933a4cdd78ac7,4.8,5
fcff2349ff34c315b53b222cb2cc12d412389898,2.6,3
264f9043f2bd767ce82567a118cf42314c4ba247,,0
f3ed3b3409d3441aaf7269f7ea985ec102751f63,5,5
693577189e3f29d7702178729053b7545b6f6eec,3.8,4
5b7bdee2450016e511caa3f1436206e822e409cd,4.7,5
e8cf519a05c576251d2396ef8e02f02a1e4f8995,4.5,5
e609dba6c1d7b7a734ca48e084267de365751601,3.8,4
b65bcf477654fc1ce2d88f6bef03ae105b59c100,3.9,4
8e951d55230cc84b1d4647445807bc7b6eabf147,2.5,3
6f6065e992aa94fee65751c4dffa10da7c363dd7,4.5,5
5d8ba3b1ab5ef74ebd042cb138d494b483a85ce2,4.2,4
64eafbf611fae246553be687a854034b3119126f,4.4,4
f76fa88b19be326d431d3591223362f0c0041c87,4.3,4
a1978f7ec28c9fb97d2122c29436e36091fa4168,4.6,5
4712f8e47283f1cfcaea0eec5c9d16a3e336ea5c,3.5,4
6f8e42526c172592d9ba82ec9e458a8a23060e96,4.2,4
1847100f81a604d2a88a8995e86030fec44eb1f3,3,3
a7cc562c7030165a2fc2acb9b348e871699e33f5,4,4
e8bc7dbf56ec4f0b40d93f5202d0646a9c572bc0,4,4
9f5145ef006c5db9d27848cc79ec72bbad69741f,3.7,4
4032f25b4065adb63a390bc051d4f9cc2b7c89cf,4,4
0e190661aeeb9f1c6b9d1f9ff5fb846607215968,4.3,4
a1712db7bc9ae4150655d560750beaac77cab05b,4.4,4
3b3c52fa4b52d5ebaad8b08f1f079cd8ea6bf043,4.1,4
c88dc6d02420910fc33541015bcd3fd75aecc3bb,,0
416cf67bb1d28c181c48c57fbe86d03a96e92172,,0
86afb99a5b1625d73652845da830bfa7374f3ad6,3.3,3
667326772d6f4a4a2895392b1865bf01cdf1ed54,3.7,4
7b239471b2352abe03ca8aaad7e3532df133bebf,4.1,4
3927ad69fc8a0e405176de10ff238afd9c1dfd31,3.7,4
3017c47a50f62d2d9caa30184d29d86ec50362e7,3.5,4
d92d1ddda7edab1b3b644641717505df13bbe0f2,4,4
166b4b32a083a18397e215bfd9bd398b812567be,3.5,4
befd0eb115017ff7b93d096db65ea11995610c82,4,4
d0f0c8107572cc555b8b8aff6d3fb0c7486cf1cd,3.4,3
5c074ab7b33efcd67d6228924f65cd038066d593,,0
5100fec788c3f72a95bb15683d81c68eef163ee2,5,5
9c14ab178a6c013100f0f3cf0c8e66e43a0fa415,4.6,5
a07b434595548db393c757c54b37294d0a8fe172,4,4
5db5eb42840c9f72eeec143bd91ed3153d2a934e,4,4
bdf72c8d0cd8902360e759b82d04c659435c6d75,4,4
e962430415c3139b8022a7ad8182840843a96b88,3.2,3
dea02118a41990981a79f082299deab3697b6592,4.1,4
d7777d0b6c002425d4607a7aaae7dc023f23a0ad,4.2,4
c5f90e9b6de771e2b7a113dac5e0e7bbe35af2e4,5,5
f204821fd0028f44a6eaaa441a1afccc14a08da1,4.5,5
43cf6642bd6d77845abb7eb63c462f7dd8b9a00b,4.3,4
df90e4240cc610c02d0aed00ea2968809b07689a,4.3,4
5c4ee2ae9aa1f04b3a6190dba2fcd637a89dc33f,3.8,4
d3d859eb4aecd27764914e65ed959b66d13f421e,3.6,4
e7649b922c26e5987718f5fd164d776c543777af,,0
53068e649d13a0fc6afe15ec004ae5242454a2cc,4.2,4
7576b76ed1c1b5d0f619d5c423d563c93189a414,4.1,4
4d501d67a799e5401b1c8b6d23735c7f3a85fea4,4.5,5
bd59bbd013dd83c376feb99131a2ffcddf5f9208,3.8,4
a9c13f45fb0fa771111d701e6ba0d4712d30853f,4.1,4
cf81b6bc19766aa7adc65039956d866330f0ee54,4.6,5
a3de0d2f5dd73053fe3eb97f07e6779beaaa7eb3,4.2,4
d0de84694d80dc6cc5125503a33409de5dbf943a,4,4
a3d7135aa8952e635aceca541df6245a9cd9d3e8,3.6,4
eca38cbfcfe5909d1d2c232aaabffe0520c0cf64,4.5,5
4ef8d2c18e8e01b512f645d4a18809e8e65574dc,4,4
50287feaeba87c43eb69ebfccc50d1686590200f,4.4,4
7b5e7570eec6755fa995f91aed99308cbf768b25,4.5,5
a09707dce7dc077b207324150e3bac8a0246eaff,3.6,4
23faa24985ebf05c504674637aab0766e19595ed,3.7,4
0a5e7af5422471a7e0abcc74ad7be2705c83ab84,3.9,4
6b027d4f1f1cd2d7e50ef4513d72245ee8e83c3b,4.4,4
66e6bc19131cc1102b085c10a9553f0318f34bb2,4.9,5
c6df1270bc4e684b854f8e8af2d3eb9d6f45609c,4.9,5
4de0977b1136a8cd34cfe448145e5ee4e877b9aa,3.6,4
84f7039dbeaa1e167d298b99c7a7015f0ffb1248,4.5,5
0294dc546d01b3b00489d68640da681a025967c9,4.9,5
c84252b73952c649c1e9697fcf98a875d3e11ce4,3.5,4
c41bcc80fb2748475142499cb63e1e2382150552,4.7,5
86e215f7567acf4a76eb08e0bd18458bca4d4bc4,4.4,4
f57a1a53fd6cb667bf1590293a256823f19eeb94,4.3,4
9ad13a5ae7ab5738cb3e1427478706a49e41796f,4.7,5
9cd0758c3453a6c0ebf443f1757ebe5b7b812186,4,4
6560f418a16d5e84ff3f50985849733ab8976931,3.9,4
f47572cbbf205cc55e0a8e681eccb0fc616f1f09,1,1
f645e8a903b412bfad42a58600ab435d5acb9262,4,4
c06d3ff7d81c13b352751d0604db1480a55c372b,3.1,3
862b481b8d0586019fb7f8a688f3518d7a0336c4,3.7,4
b9282efd1727885c98ca6ddb6fbe1218effd126e,4.2,4
ee3346dd0fb6e85fe8c580ef8685748ba069b1a9,3.9,4
97abba7e9e0b34aeedbed9b2aece264d47ef4514,3.4,3
63958b098eb88d7bdd4592b8816d04c35fd4411c,4.1,4
24786acf744351a4cdff2fc9ee2a78d435c5122b,3.1,3
6b173dde262447f39e2591fe36568aadb66ef4f4,3.1,3
97bd202c4942fdf553b89045ef6a29b9f2a84415,4,4
8f551157995b683d14333b3c6f1f0e32a42eb677,4.6,5
6516f166c7e3ecfd763280d14eb4035c8b5f97b4,4.4,4
c277d703167ef728bf8c7fdc2ac7279053986a97,4.8,5
fa105d23df2289e23dc9cb395db8c383581ef531,4.3,4
2d0bca059db365d3890d8d44a46e69084d3096b3,4.1,4
4e5fc75a91f2feac8fe6b209f499642347ab1698,4.3,4
f3a5c8f9df833ee84c9bd431d8fab086d3552aab,4.1,4
444c3887c8ab8c6028bd210235b5483bf8003663,2.8,3
4b7de882a4aba554c17fa96be8bcaed78d8be78c,4.5,5
c161f10fe8a419c4cd5db34af1cda7a608996cee,3.9,4
2e18c90db58bce817da3485cecae2792f8cf82d6,3.3,3
bfadff28b5bdbb0013c90a5e4900869c3118b8be,5,5
4c88ca27dbe7ab863b5fe27a54a1abf1807dec2e,5,5
5bd823cdd172f35ac4136c632df5dafe4f6d9100,3.4,3
e18ee32ed3342ba654956f5bf3dc1df962aa203d,4.6,5
77c849df0c338a4c1a3ead5fb64552ba92f868c5,3.8,4
22f473f219ab9871941da9b0d78bcf9ad745c971,3,3
1a50b64c10f8c2cfc469ad73883deccf2557e6f0,3.7,4
29941e3ef60667defb36b034bab760a9517e1ccc,5,5
f651e089ddb3932af074100a68258a153812dbb7,4.6,5
5f85bdb3cfb2051668b8143a74c7ae28ea6cc0b9,3,3
9bd68e4d716bfbe2cf64907548b39869c7700fa1,4.3,4
6c01fb93341d6598623aae897aa294ca0bd2a870,3.7,4
daa4ebb0cb11fc16b26bc834487def0067c6a812,3.9,4
000074d050339b044bc8b35831180043122eba99,4.4,4
4b15ed8fd662db61fdd07d9319e1b6006e886c5f,3.4,3
729002a8183fc25332ae6c875f37b4536b290f2d,3.9,4
7d85795d9c93a920af06a89c190495b0be7fa666,3.6,4
bb6699bc2322238e892921b45fa95cbdba8bdea7,4,4
7823f69bc0ab54777e24d32b301e8572ca58e8ca,3,3
37ec4158dbeaad62937d5e8bcac0b9fc917c67a7,4.7,5
3a9512d3c90defdc59b91387f6a5a78f3acdd555,3.4,3
3800667fd9152798ecb914a41cf555391ce649f0,4.5,5
785c463e7f5178c6de1cef0ac7552299f8d44540,4.1,4
69cf350039ea645fc74022ea071f86b8c06c0966,,0
751c965d08fd817b550a21c8d93e2f93c2e6fdf9,4.4,4
cc764fb761a84d4984555ef4cbcd69ba0a10d5aa,4.2,4
739a7c63328ef8eb848cf9d22e1e1dd477b4dacf,4.2,4
b824d9028931ca9be6eb4b057bd8dafda5751791,2.9,3
8a82425cd4d7308366cf387a3b4885f247032042,4.8,5
ecd6f9a545aaf42e981568178df027fee1adffce,4,4
e5ea0c572b36ac59be7e61098ba6a48cf347ea98,3.8,4
c02056d221356d82d0c5c915409fb903230d4380,4,4
dd9948564629f22be1fdcbebf4aafd4b5258bfbc,3.7,4
1680eb6d2ed6dad2753b9fba81b587705173b386,4.1,4
1df2c7cf0754da0dcab8dcc13dfa8a5905c1bbdf,3.6,4
051c5f446250d42355e6c1be49104e9f30dcd213,3.8,4
cd3889a96139c9e0972b907920bdbc8e2037cad6,4.3,4
c4ba687f846558511ced8d91eb18eb3e82011efd,4.4,4
835a80465f679782ce1216bf48e8e24711b902ad,4.4,4
fb0e488409f44d0c98f261137175bca179c61cba,3.8,4
294b69d4e0b89904eeaf1eff5f3beb49d7574e9d,3,3
a6d0d3072dad1847afb691c4db1806acd58ed268,4.9,5
323321ed2fded2330c42dfb47539c4dabba33d96,3.8,4
cef38e4ff5b699d660770355052d2e9f986d05ef,5,5
b1ffdfa80a0bdb9652b0b19ea240c069f745bcc8,4.3,4
de2d91a02ff035414be61c91473269f9e1b0949f,3.6,4
51ca4dcf40b958d1b28b6a7883f912ecb5052d12,3.8,4
e25e9cd9acd10a502ed38fab1883833990864e38,5,5
34ecfc6fa09c9402db5b866adc4f8d4298fff4b2,,0
c9493726b045751555edae7d543740421a9241b7,4.3,4
2200e18457d8cd2b7fc72744dc1440007ae94ca2,2.7,3
d764a470c0d1ab0aea61b064753dca665c34b6e1,5,5
cf4082992932cf64cc387f741ac347c77eb1f540,3.4,3
0fadb1f7e51216b8a5a4762eeecf013af62e02fd,4.8,5
9164fd28184b076ec97b6c718460c59c09c23bd3,3.7,4
a952cee6a3c47ea5d88a3c5cfee569e645b89396,3,3
1dbbc2e281560e169253c0e907368ac21d8a197d,3.7,4
3a8c29db5c6989965dfe4f973c8a81934ac1e29f,5,5
fce349a17f1ad0a346d6bd7aabf9ee0b3b2bc887,4.4,4
4b005d8ab5fadc60004045111381e5a27bbee12e,4.3,4
69c416dd71da81ad5cdce35da671c09eed64df47,,0
936191fe37dd053c8ba12debc01289bc0c920cd3,4,4
4bfdb8d3058c90c9bb02c40fabdee725592485e4,4.2,4
b6dd4465f57e9414c85575fab0e888635d65de25,4.3,4
bf2b9a757b011fb41a1b9b3247ad67fbec82e0f1,4,4
d306832005c1b7a5ec741992ad154f78244a4a91,4.2,4
b60b0d4f77f2bf601dfdf6880aeeb4b1c4e6e0b0,3.6,4
c66ef342175d4fb9bc69a971c3f0045f2b2ec306,4.2,4
ef8042f151abb64ac5df53ba750792de136396e6,3.2,3
356437fd046018329702124f4f8d2d04271fef9c,4.5,5
878994ba0376e112de4d77d0901424963cb9c11d,4.2,4
a9eecb7e6cce26fcef64369983f933a4cdd78ac7,4.8,5
fcff2349ff34c315b53b222cb2cc12d412389898,2.6,3
264f9043f2bd767ce82567a118cf42314c4ba247,,0
f3ed3b3409d3441aaf7269f7ea985ec102751f63,5,5
693577189e3f29d7702178729053b7545b6f6eec,3.8,4
5b7bdee2450016e511caa3f1436206e822e409cd,4.7,5
e8cf519a05c576251d2396ef8e02f02a1e4f8995,4.5,5
e609dba6c1d7b7a734ca48e084267de365751601,3.8,4
b65bcf477654fc1ce2d88f6bef03ae105b59c100,3.9,4
8e951d55230cc84b1d4647445807bc7b6eabf147,2.5,3
6f6065e992aa94fee65751c4dffa10da7c363dd7,4.5,5
5d8ba3b1ab5ef74ebd042cb138d494b483a85ce2,4.2,4
64eafbf611fae246553be687a854034b3119126f,4.4,4
f76fa88b19be326d431d3591223362f0c0041c87,4.3,4
a1978f7ec28c9fb97d2122c29436e36091fa4168,4.6,5
4712f8e47283f1cfcaea0eec5c9d16a3e336ea5c,3.5,4
6f8e42526c172592d9ba82ec9e458a8a23060e96,4.2,4
1847100f81a604d2a88a8995e86030fec44eb1f3,3,3
a7cc562c7030165a2fc2acb9b348e871699e33f5,4,4
e8bc7dbf56ec4f0b40d93f5202d0646a9c572bc0,4,4
9f5145ef006c5db9d27848cc79ec72bbad69741f,3.7,4
4032f25b4065adb63a390bc051d4f9cc2b7c89cf,4,4
0e190661aeeb9f1c6b9d1f9ff5fb846607215968,4.3,4
a1712db7bc9ae4150655d560750beaac77cab05b,4.4,4
3b3c52fa4b52d5ebaad8b08f1f079cd8ea6bf043,4.1,4
c88dc6d02420910fc33541015bcd3fd75aecc3bb,,0
416cf67bb1d28c181c48c57fbe86d03a96e92172,,0
86afb99a5b1625d73652845da830bfa7374f3ad6,3.3,3
667326772d6f4a4a2895392b1865bf01cdf1ed54,3.7,4
7b239471b2352abe03ca8aaad7e3532df133bebf,4.1,4
3927ad69fc8a0e405176de10ff238afd9c1dfd31,3.7,4
3017c47a50f62d2d9caa30184d29d86ec50362e7,3.5,4
d92d1ddda7edab1b3b644641717505df13bbe0f2,4,4
166b4b32a083a18397e215bfd9bd398b812567be,3.5,4
befd0eb115017ff7b93d096db65ea11995610c82,4,4
d0f0c8107572cc555b8b8aff6d3fb0c7486cf1cd,3.4,3
5c074ab7b33efcd67d6228924f65cd038066d593,,0
5100fec788c3f72a95bb15683d81c68eef163ee2,5,5
9c14ab178a6c013100f0f3cf0c8e66e43a0fa415,4.6,5
a07b434595548db393c757c54b37294d0a8fe172,4,4
5db5eb42840c9f72eeec143bd91ed3153d2a934e,4,4
bdf72c8d0cd8902360e759b82d04c659435c6d75,4,4
e962430415c3139b8022a7ad8182840843a96b88,3.2,3
dea02118a41990981a79f082299deab3697b6592,4.1,4
d7777d0b6c002425d4607a7aaae7dc023f23a0ad,4.2,4
c5f90e9b6de771e2b7a113dac5e0e7bbe35af2e4,5,5
f204821fd0028f44a6eaaa441a1afccc14a08da1,4.5,5
43cf6642bd6d77845abb7eb63c462f7dd8b9a00b,4.3,4
df90e4240cc610c02d0aed00ea2968809b07689a,4.3,4
5c4ee2ae9aa1f04b3a6190dba2fcd637a89dc33f,3.8,4
d3d859eb4aecd27764914e65ed959b66d13f421e,3.6,4
e7649b922c26e5987718f5fd164d776c543777af,,0
2f51dbb573186692ab9dd04428f3b7da42bb56cf,4.4,4
2203c57e8290366717c872af606a8893b0d06647,4.6,5
21873a79b7105ef20a9ca243ef23fbe5a2c0bf9e,4.1,4
57037d92ddfb1450c21e4f4e8b5dc1719ecd4d65,4.6,5
556aaaabda8e8daa2a1e90a96355d380bb959cc2,4.3,4
f35546f3d02cd53d013258f822096c1f01b3c497,4.4,4
6359d96dbdb9964fc069a5317568c41def6ba560,4.5,5
355f3b454cfafcb568113151acc9194253ccee69,4.1,4
89267830853cc57823e71365cb0562f337da9503,4.8,5
8eaccff67d8de3bfa7b1f399b32563ab331effa8,4.5,5
0bac87acde2baa1cb9c6fe2a8201d028b11571c0,4.5,5
c67c951a10e134c62be04840951866f69be41848,4.6,5
8523afc11c47eba553861dead9f536ea015a3f4c,4.5,5
82a2b06cd84c538e0a0b1eb222ac7619ee7c0511,4.4,4
5a6704984a51cfdf3c69cbbf91dbd4e743069000,4.4,4
bfd19db7d7a57fda462cc5987910a000bfba1f76,4.4,4
bdfb1991c12db4ea3bcc76a30a382a76d40e7edb,4.4,4
576480010c7deed62cc9e7fd4c5d7692b3fb1519,4.4,4
0b3ae1e8565470b6572601d6a516d90c2d4e20a1,4.1,4
e6f1bb610c07b355dcf782799abf735e833fcb9b,4.3,4
9e1941ece734ecb88c05e5022bcd3e6277e72afd,4.6,5
8a8c6054d59b4fbffbc58f8d58631fa6e742bae7,4.1,4
a9eecb7e6cce26fcef64369983f933a4cdd78ac7,4.8,5
61f59c0a1325aff7b1b3e1e61a444f4981a9dce7,4.4,4
6716e8f13b68814d9afe3669366d6c8e8e7b866f,3.6,4
38498ee520d4030033ada34c98003a9269b5ee14,4.7,5
e8c31fd0298dc8370b5d95399eac19e66befb913,4.3,4
0c4df78bbedd3713ae4ee8e2a81caf0050652bbf,4.6,5
94121b12fe2738b11f51b93fbac3a17429ac08d3,4.5,5
342b855bdcbd7760442facebf3f79c741e3d0622,4.5,5
e265f5f5b46dcec00233f5637be7fa69123fd4c0,3.8,4
95fcb5ab9e06e2bdb64917697029f54a3a7a2240,4.2,4
6bcfe7f2603f4b3b8d5d15f226eae28d65351704,4.1,4
9b9b01af0fdc63f807c0265416869c73baa96137,4.7,5
2d85f69589a9df8b3dc4c98b4f76898115a31d4e,5,5
e2a76416ef1ed66b0bee5eaafb02cffd373d9945,4.5,5
bad31c99cbad5141313374f69d99cf15101ca565,4.2,4
655ae220934a35711dcb0570f2bceaa24763d8b6,4.4,4
bf2b9a757b011fb41a1b9b3247ad67fbec82e0f1,4,4
952268e1e2ba8a160ad16dddec505ba56c601259,4.3,4
643948ac21917e825b8848c365e5d8d9cb8b2ebc,4.5,5
b5bc61047ae3a0ed4481d52434c4f679f457da23,4.2,4
ef5211eacdf6dd6416f1d5b1d52ac4217be6b217,4.2,4
9eb2810f0f0da7e3cda03377560a10924f8b75b6,5,5
ae2842a4597e34f41c420f424418f8dab4a921e6,4.6,5
7b5e7570eec6755fa995f91aed99308cbf768b25,4.5,5
c0516ff1dd8a6604df61d791ab57ccee4a67b572,3.8,4
878994ba0376e112de4d77d0901424963cb9c11d,4.2,4
8db91fe9ee8f85c7785d35d8a28b2a27405cd189,4,4
9c14ab178a6c013100f0f3cf0c8e66e43a0fa415,4.6,5
d7f56b8d307a23b66fd058afe1ef202a3ae85591,4.6,5
75f588b7da66faf95dc11355b19d54bf0b5f0e47,4.2,4
a9c13f45fb0fa771111d701e6ba0d4712d30853f,4.1,4
227153fcb29cf8e816ad8bd4ca29417947da8ef7,4.6,5
daa4ebb0cb11fc16b26bc834487def0067c6a812,3.9,4
356437fd046018329702124f4f8d2d04271fef9c,4.5,5
37536ebd74aa3ac3880a40233af7c75930d201d1,4.1,4
6b4254cb788a9a0551958d01de401370575c880b,4.3,4
6a89ed0d375ea710cd52dc20c22e0a36a89a323a,4.1,4
a765bc2bfd752d754e6c77c9658080a5f8176829,4.6,5
e8cf519a05c576251d2396ef8e02f02a1e4f8995,4.5,5
1167496e9ec03104b3600e676bb1460da0529ce3,4.3,4
1680eb6d2ed6dad2753b9fba81b587705173b386,4.1,4
a13e2bb8223dc954f1365fdfd002e499206949b1,4.6,5
c06d3ff7d81c13b352751d0604db1480a55c372b,3.1,3
cf81b6bc19766aa7adc65039956d866330f0ee54,4.6,5
e9a12c0fc515b7219e6efb72f1807b64b8c97dd4,4.2,4
7465c2fb69970e5dffadaeb8db7ade7dcedf9f9f,4.3,4
7576b76ed1c1b5d0f619d5c423d563c93189a414,4.1,4
67e4294959eb9a8f30a7a060abdbccc304e706d3,4.1,4
44fa07567d44cce08b9ec1a895e09315d9590add,4.6,5
df7efea310e70693c1665d10f9c42e30d21fe645,4.6,5
b9282efd1727885c98ca6ddb6fbe1218effd126e,4.2,4
7d0e9a1fd69b4596d1bc6475799819259246727e,4.4,4
739a7c63328ef8eb848cf9d22e1e1dd477b4dacf,4.2,4
dea02118a41990981a79f082299deab3697b6592,4.1,4
e4c282d16e23a96a6644f7cba324f37acd31dc26,3.6,4
84e541d6becfcbdf017c9ece69d6caa5e189031c,4.4,4
c8cee23918fde4323a7cab92c7cd9c38c1c82f3b,4.3,4
3a324cf837df7f276e82f03d689ff3cb0187e2be,3.4,3
2781cefe844fca309227a0beff0c793d33d0e21a,4.6,5
5b9043ff41d9b77e6cde9e0ecc6108846847a54f,4.5,5
e03ba1a3f463b7b325e17e103bf6ad4d36388527,4.4,4
d33ca2e91cf5b998a0fb6a92092eb95c59518c49,4.6,5
c534e60ed032342f40bc5f2bd3c1a14d5e5b42b0,,0
c1125ef883e2b9c26f8f89df8f51843a2643e554,5,5
5923505ba587c38ec72a6655c2839a017e371047,4.5,5
9f9d7ca600c1074fedfe415d11c7db380110b483,4.7,5
9ce47f9c247da74175308d141eea3537d23f6549,2.9,3
05b8f08985799f1467111db6a5c9732cefcf2543,4.1,4
d7687f9ca5c05bf7905f9913ded065de4c225882,5,5
594af5d7442a6512ed9c75599e9c54e09b62a4a3,,0
696328ef9c4dfae72f84e9088397dacdd81da91d,4.6,5
cca854b5b121986ceef2451d40215011b840bafa,,0
a59fc1bb28c3310f01389536514b2d1be79a1ac9,4.3,4
70f6341fbf1bc71d6ccf6623f454c213d232fe84,4.5,5
962ba633d0ad381065e5d219a118c060eb24e51c,4,4
fe9d2f9d12863e2d58d9fac440916be08726cbf0,4.4,4
c7abb50785902f542792caa903562586fb37efd0,4,4
c7f68ebc38446d74aaf0e66ecf85d44747dc44b8,4.3,4
68f8975ed7b053580732296b4a410f2fb25c4f72,4.5,5
f70c1f4adf5eaae518a570946e4cee840e5c4b9d,4.1,4
cdc5c901c7e89ce78b151e487650710050c73224,4.4,4
820e674c43f6e92e51e9a84faf87ca6e5b3e623f,3.8,4
ffb7338c092fff7a1e16908ee5e7ae85d1e9dc3b,3.8,4
53f1fc86f1f1ca78cc2e2eb46fab2ee52e87284a,4.8,5
38854f7581fae208143fa7d7a7def9a7553b80af,4.2,4
d99f0ecf4f110e5a40986406a4c60fc4cec98012,4.2,4
d7777d0b6c002425d4607a7aaae7dc023f23a0ad,4.2,4
bae9ce25560bfad5b32595994ff8dc64e89df86e,4.5,5
2a14506b68fdb2b9e3d44f35f7d08b410607cf11,4.1,4
5f9b089264b29a766299e6e4f59f4247a134130f,4.3,4
5c7ea7f28a2676ade825b6947b6acc93c92e209e,4.3,4
b7d18e058c5650b5815e131a647c5e497eabb113,4,4
bd42a91da222ed7d021614388658db2fc41ac4b3,4.2,4
4aae26291303af6cd028e79ec26ef0d4782dda54,4.7,5
6548db2b079ef5c070d7f70cb6b199e2719eb397,3.8,4
e58abf5d1e5f7cd415d5c76adc6c5f2b5071d3ef,4.1,4
7c2e5141b167849e084f604c8203ae48b1b1c593,3.9,4
beaeb45f049428bff211c28ce973efe432f4d9af,4.4,4
0916483baae0c5e1e11432c1946f9bc1a69d71b0,4.5,5
6bf98946ad957ca706fb8e01aa6b69a7c6444c58,4.3,4
9bb81a07f4b93ff53c379531ca2baa756b70bf5e,4.2,4
289f9ab2241a3c2dff99d3827b8545b5a4446eeb,5,5
3257efae8b9934940fbccc674211f575ee8544bc,4.7,5
d0f0c8107572cc555b8b8aff6d3fb0c7486cf1cd,3.4,3
a8b837246a9ebe89fbc6416c0b81bff6cfbccb9c,3.6,4
bd78b430fe9378b95bdad167dd67bfc236c616cf,2.7,3
e6db197da19d9e89b6e330a5245ab6c4de35db88,4.3,4
2f51dbb573186692ab9dd04428f3b7da42bb56cf,4.4,4
2203c57e8290366717c872af606a8893b0d06647,4.6,5
21873a79b7105ef20a9ca243ef23fbe5a2c0bf9e,4.1,4
57037d92ddfb1450c21e4f4e8b5dc1719ecd4d65,4.6,5
556aaaabda8e8daa2a1e90a96355d380bb959cc2,4.3,4
f35546f3d02cd53d013258f822096c1f01b3c497,4.4,4
6359d96dbdb9964fc069a5317568c41def6ba560,4.5,5
355f3b454cfafcb568113151acc9194253ccee69,4.1,4
89267830853cc57823e71365cb0562f337da9503,4.8,5
8eaccff67d8de3bfa7b1f399b32563ab331effa8,4.5,5
0bac87acde2baa1cb9c6fe2a8201d028b11571c0,4.5,5
c67c951a10e134c62be04840951866f69be41848,4.6,5
8523afc11c47eba553861dead9f536ea015a3f4c,4.5,5
82a2b06cd84c538e0a0b1eb222ac7619ee7c0511,4.4,4
5a6704984a51cfdf3c69cbbf91dbd4e743069000,4.4,4
bfd19db7d7a57fda462cc5987910a000bfba1f76,4.4,4
bdfb1991c12db4ea3bcc76a30a382a76d40e7edb,4.4,4
576480010c7deed62cc9e7fd4c5d7692b3fb1519,4.4,4
0b3ae1e8565470b6572601d6a516d90c2d4e20a1,4.1,4
e6f1bb610c07b355dcf782799abf735e833fcb9b,4.3,4
9e1941ece734ecb88c05e5022bcd3e6277e72afd,4.6,5
8a8c6054d59b4fbffbc58f8d58631fa6e742bae7,4.1,4
a9eecb7e6cce26fcef64369983f933a4cdd78ac7,4.8,5
61f59c0a1325aff7b1b3e1e61a444f4981a9dce7,4.4,4
6716e8f13b68814d9afe3669366d6c8e8e7b866f,3.6,4
38498ee520d4030033ada34c98003a9269b5ee14,4.7,5
e8c31fd0298dc8370b5d95399eac19e66befb913,4.3,4
0c4df78bbedd3713ae4ee8e2a81caf0050652bbf,4.6,5
94121b12fe2738b11f51b93fbac3a17429ac08d3,4.5,5
342b855bdcbd7760442facebf3f79c741e3d0622,4.5,5
e265f5f5b46dcec00233f5637be7fa69123fd4c0,3.8,4
95fcb5ab9e06e2bdb64917697029f54a3a7a2240,4.2,4
6bcfe7f2603f4b3b8d5d15f226eae28d65351704,4.1,4
9b9b01af0fdc63f807c0265416869c73baa96137,4.7,5
2d85f69589a9df8b3dc4c98b4f76898115a31d4e,5,5
e2a76416ef1ed66b0bee5eaafb02cffd373d9945,4.5,5
bad31c99cbad5141313374f69d99cf15101ca565,4.2,4
655ae220934a35711dcb0570f2bceaa24763d8b6,4.4,4
bf2b9a757b011fb41a1b9b3247ad67fbec82e0f1,4,4
952268e1e2ba8a160ad16dddec505ba56c601259,4.3,4
643948ac21917e825b8848c365e5d8d9cb8b2ebc,4.5,5
b5bc61047ae3a0ed4481d52434c4f679f457da23,4.2,4
ef5211eacdf6dd6416f1d5b1d52ac4217be6b217,4.2,4
9eb2810f0f0da7e3cda03377560a10924f8b75b6,5,5
ae2842a4597e34f41c420f424418f8dab4a921e6,4.6,5
7b5e7570eec6755fa995f91aed99308cbf768b25,4.5,5
c0516ff1dd8a6604df61d791ab57ccee4a67b572,3.8,4
878994ba0376e112de4d77d0901424963cb9c11d,4.2,4
8db91fe9ee8f85c7785d35d8a28b2a27405cd189,4,4
9c14ab178a6c013100f0f3cf0c8e66e43a0fa415,4.6,5
d7f56b8d307a23b66fd058afe1ef202a3ae85591,4.6,5
75f588b7da66faf95dc11355b19d54bf0b5f0e47,4.2,4
a9c13f45fb0fa771111d701e6ba0d4712d30853f,4.1,4
227153fcb29cf8e816ad8bd4ca29417947da8ef7,4.6,5
daa4ebb0cb11fc16b26bc834487def0067c6a812,3.9,4
356437fd046018329702124f4f8d2d04271fef9c,4.5,5
37536ebd74aa3ac3880a40233af7c75930d201d1,4.1,4
6b4254cb788a9a0551958d01de401370575c880b,4.3,4
6a89ed0d375ea710cd52dc20c22e0a36a89a323a,4.1,4
a765bc2bfd752d754e6c77c9658080a5f8176829,4.6,5
e8cf519a05c576251d2396ef8e02f02a1e4f8995,4.5,5
1167496e9ec03104b3600e676bb1460da0529ce3,4.3,4
1680eb6d2ed6dad2753b9fba81b587705173b386,4.1,4
a13e2bb8223dc954f1365fdfd002e499206949b1,4.6,5
c06d3ff7d81c13b352751d0604db1480a55c372b,3.1,3
cf81b6bc19766aa7adc65039956d866330f0ee54,4.6,5
e9a12c0fc515b7219e6efb72f1807b64b8c97dd4,4.2,4
7465c2fb69970e5dffadaeb8db7ade7dcedf9f9f,4.3,4
7576b76ed1c1b5d0f619d5c423d563c93189a414,4.1,4
67e4294959eb9a8f30a7a060abdbccc304e706d3,4.1,4
44fa07567d44cce08b9ec1a895e09315d9590add,4.6,5
df7efea310e70693c1665d10f9c42e30d21fe645,4.6,5
b9282efd1727885c98ca6ddb6fbe1218effd126e,4.2,4
7d0e9a1fd69b4596d1bc6475799819259246727e,4.4,4
739a7c63328ef8eb848cf9d22e1e1dd477b4dacf,4.2,4
dea02118a41990981a79f082299deab3697b6592,4.1,4
e4c282d16e23a96a6644f7cba324f37acd31dc26,3.6,4
84e541d6becfcbdf017c9ece69d6caa5e189031c,4.4,4
c8cee23918fde4323a7cab92c7cd9c38c1c82f3b,4.3,4
3a324cf837df7f276e82f03d689ff3cb0187e2be,3.4,3
2781cefe844fca309227a0beff0c793d33d0e21a,4.6,5
5b9043ff41d9b77e6cde9e0ecc6108846847a54f,4.5,5
e03ba1a3f463b7b325e17e103bf6ad4d36388527,4.4,4
d33ca2e91cf5b998a0fb6a92092eb95c59518c49,4.6,5
c534e60ed032342f40bc5f2bd3c1a14d5e5b42b0,,0
c1125ef883e2b9c26f8f89df8f51843a2643e554,5,5
5923505ba587c38ec72a6655c2839a017e371047,4.5,5
9f9d7ca600c1074fedfe415d11c7db380110b483,4.7,5
9ce47f9c247da74175308d141eea3537d23f6549,2.9,3
05b8f08985799f1467111db6a5c9732cefcf2543,4.1,4
d7687f9ca5c05bf7905f9913ded065de4c225882,5,5
594af5d7442a6512ed9c75599e9c54e09b62a4a3,,0
696328ef9c4dfae72f84e9088397dacdd81da91d,4.6,5
cca854b5b121986ceef2451d40215011b840bafa,,0
a59fc1bb28c3310f01389536514b2d1be79a1ac9,4.3,4
70f6341fbf1bc71d6ccf6623f454c213d232fe84,4.5,5
962ba633d0ad381065e5d219a118c060eb24e51c,4,4
fe9d2f9d12863e2d58d9fac440916be08726cbf0,4.4,4
c7abb50785902f542792caa903562586fb37efd0,4,4
c7f68ebc38446d74aaf0e66ecf85d44747dc44b8,4.3,4
68f8975ed7b053580732296b4a410f2fb25c4f72,4.5,5
f70c1f4adf5eaae518a570946e4cee840e5c4b9d,4.1,4
cdc5c901c7e89ce78b151e487650710050c73224,4.4,4
820e674c43f6e92e51e9a84faf87ca6e5b3e623f,3.8,4
ffb7338c092fff7a1e16908ee5e7ae85d1e9dc3b,3.8,4
53f1fc86f1f1ca78cc2e2eb46fab2ee52e87284a,4.8,5
38854f7581fae208143fa7d7a7def9a7553b80af,4.2,4
d99f0ecf4f110e5a40986406a4c60fc4cec98012,4.2,4
d7777d0b6c002425d4607a7aaae7dc023f23a0ad,4.2,4
bae9ce25560bfad5b32595994ff8dc64e89df86e,4.5,5
2a14506b68fdb2b9e3d44f35f7d08b410607cf11,4.1,4
5f9b089264b29a766299e6e4f59f4247a134130f,4.3,4
5c7ea7f28a2676ade825b6947b6acc93c92e209e,4.3,4
b7d18e058c5650b5815e131a647c5e497eabb113,4,4
bd42a91da222ed7d021614388658db2fc41ac4b3,4.2,4
4aae26291303af6cd028e79ec26ef0d4782dda54,4.7,5
6548db2b079ef5c070d7f70cb6b199e2719eb397,3.8,4
e58abf5d1e5f7cd415d5c76adc6c5f2b5071d3ef,4.1,4
7c2e5141b167849e084f604c8203ae48b1b1c593,3.9,4
beaeb45f049428bff211c28ce973efe432f4d9af,4.4,4
0916483baae0c5e1e11432c1946f9bc1a69d71b0,4.5,5
6bf98946ad957ca706fb8e01aa6b69a7c6444c58,4.3,4
9bb81a07f4b93ff53c379531ca2baa756b70bf5e,4.2,4
289f9ab2241a3c2dff99d3827b8545b5a4446eeb,5,5
3257efae8b9934940fbccc674211f575ee8544bc,4.7,5
d0f0c8107572cc555b8b8aff6d3fb0c7486cf1cd,3.4,3
a8b837246a9ebe89fbc6416c0b81bff6cfbccb9c,3.6,4
bd78b430fe9378b95bdad167dd67bfc236c616cf,2.7,3
e6db197da19d9e89b6e330a5245ab6c4de35db88,4.3,4
e6f1bb610c07b355dcf782799abf735e833fcb9b,4.3,4
1167496e9ec03104b3600e676bb1460da0529ce3,4.3,4
a9c13f45fb0fa771111d701e6ba0d4712d30853f,4.1,4
8cb39e4e20083ee0f9ba03eca694e0363d26de0e,4.4,4
556aaaabda8e8daa2a1e90a96355d380bb959cc2,4.3,4
1680eb6d2ed6dad2753b9fba81b587705173b386,4.1,4
1c4a1a0e680600483a2e806335f65a79cd61f46c,4.3,4
89d114ee3e0b11c6c335e9a11f1303bd24a44884,3.5,4
dea02118a41990981a79f082299deab3697b6592,4.1,4
a9eecb7e6cce26fcef64369983f933a4cdd78ac7,4.8,5
53f1fc86f1f1ca78cc2e2eb46fab2ee52e87284a,4.8,5
0c4df78bbedd3713ae4ee8e2a81caf0050652bbf,4.6,5
43cf6642bd6d77845abb7eb63c462f7dd8b9a00b,4.3,4
0b3ae1e8565470b6572601d6a516d90c2d4e20a1,4.1,4
ef73cab99822821bb526a95d0df7948ad7d4158b,4.1,4
9680aec61aa68a34423143c1665857c93534234a,4,4
ab9e642fab9afed5c9a24a49074d0a898cec1713,3.9,4
daa4ebb0cb11fc16b26bc834487def0067c6a812,3.9,4
b5bc61047ae3a0ed4481d52434c4f679f457da23,4.2,4
b2446144f798882cf8a9268c9a19c5b7365cf2e1,4.4,4
60100546fb16301864ab34dfb059aa6a74d9073a,3.7,4
6c146cee66195e7bc2273a73c04d28bd59ebdf8d,3.7,4
0104502ae0e5fba0990a315be8ebbeea4f081f16,3.9,4
17d20529af9f3adca85a0e39a0969056b266b911,4.7,5
816a94bf5c0d4179762ef059c331a37ebba358c2,3.6,4
7576b76ed1c1b5d0f619d5c423d563c93189a414,4.1,4
d191b6079ca7f28d88d5b7d8ceecdf3b22cb24c3,4.7,5
12551be8ffb1ccef97f16032fad1da4e5aaf362d,3.9,4
a765bc2bfd752d754e6c77c9658080a5f8176829,4.6,5
2edc85a4922695f3a3a81a910104de70e8a37569,4.4,4
6b4254cb788a9a0551958d01de401370575c880b,4.3,4
8eaccff67d8de3bfa7b1f399b32563ab331effa8,4.5,5
4de38ccb63573717f085dc16a7c6b56e9e0a546e,4,4
05b8f08985799f1467111db6a5c9732cefcf2543,4.1,4
ffe7fe9af05918233d47c3fdc3893c7d46e91ced,3.7,4
61a35a22e77ad8e43acca10f183770545b309aaf,4.3,4
9c14ab178a6c013100f0f3cf0c8e66e43a0fa415,4.6,5
723b1ea9b77e079ce889f71488e81e924c122b78,4.4,4
e22f6cb6ace41661fa17097a4e6d08ab3882e4d8,4,4
7feb3977c8d5b1ed2e5e6b7f8fec309b4368b20a,3.7,4
238365cbace120e31e475f0e38e0a1a0f5d89f42,4.3,4
67e4294959eb9a8f30a7a060abdbccc304e706d3,4.1,4
84e541d6becfcbdf017c9ece69d6caa5e189031c,4.4,4
1a50b64c10f8c2cfc469ad73883deccf2557e6f0,3.7,4
355f3b454cfafcb568113151acc9194253ccee69,4.1,4
f82993d27137e3a3d0124b1e346fb1ffa7aa0c7c,4.5,5
cf4082992932cf64cc387f741ac347c77eb1f540,3.4,3
2fc1673ac8dcbf6d31c8a28931525191f4fe08f5,4,4
2e46df416fec5ecd88bc8d512a8d4ffd7c971fa0,4.4,4
55c041572672567b4a7d48f0c6a03d63e5c27664,4.8,5
b4f1e7796f53f39a6cfa0cc0d4ef0f7fb2ddaf24,4.4,4
a13e2bb8223dc954f1365fdfd002e499206949b1,4.6,5
c2e6f1326fa5874ecb3fef603524b21c56f630fd,4.6,5
ef5211eacdf6dd6416f1d5b1d52ac4217be6b217,4.2,4
35d34a712fb4daf5b4ff25c56b1a8ad3ca4eaac9,4.4,4
610ea19b8e60e94df9936bf1c900c281df9c0420,4.4,4
beaeb45f049428bff211c28ce973efe432f4d9af,4.4,4
19827c64e854e2afade20f358538c1ce0d600992,4,4
c74e0010fc0dc41e4fdcbc3e85ede33abbb53420,4.2,4
aceaf18935d108a808e5883780ca984a010a2efe,4.4,4
7d0e9a1fd69b4596d1bc6475799819259246727e,4.4,4
92cdeaf101399d675ed9961338e55ea94fb8b9d6,4.5,5
2e3686484f856e14cc52fd8a4f06a4d794f69a15,4.6,5
ffb7338c092fff7a1e16908ee5e7ae85d1e9dc3b,3.8,4
9a956a6d96f77c306a457a24d998ea90c990b785,4.6,5
2a9e43d71658ce39a4a31818d63c087dd2a85c6c,3.8,4
00f3bb1ab015bbf40e1758f9f8ef34e2ea9a97f7,4.3,4
621dbed74a20a218993ade05b484fce21829e714,4.2,4
bfd19db7d7a57fda462cc5987910a000bfba1f76,4.4,4
0e6b1de5afb3d86e6f6263fad394190c8fedac13,3.7,4
e177482b2a72898a67da192bcdc611298eec7f66,4.2,4
5f9b089264b29a766299e6e4f59f4247a134130f,4.3,4
0bd12df7724b8bbf2ae9cd071e2fb39289cebcd1,4.6,5
576480010c7deed62cc9e7fd4c5d7692b3fb1519,4.4,4
ae2842a4597e34f41c420f424418f8dab4a921e6,4.6,5
4484646ea1c0ed118072501403d863270b81e8a4,4.4,4
7b5e7570eec6755fa995f91aed99308cbf768b25,4.5,5
83ed5246f8c2104fea9fda4147297da8e9644f46,3.7,4
2f51dbb573186692ab9dd04428f3b7da42bb56cf,4.4,4
342b855bdcbd7760442facebf3f79c741e3d0622,4.5,5
1c6afc6bde3fe601bc426bcc359f81bc3e4c6127,4,4
152a86ef7b4da32415ff8d63238228ccbe19534c,4.5,5
181f8b7af80eb473af9e586d9eb21a078724f0f9,3,3
69ba9b607bdb3fd5759488b3cf65be07ce63bb07,4.3,4
7acb1098a3e8a7643924e7bea64af6eab1b04767,4.5,5
2072e0bda1a364dbc354ba607057f59cf1562c19,4.5,5
678ea7d3ab804a330fe1bca79d1fa5e949cd0713,4.5,5
c100ea4804ccdb7e1711743d0106b629a129ef37,4.5,5
af0f6dbbb9b600f5e691ec16c71ffabae6f766da,4.5,5
a698520f5d66bddb298231bf8d0f4611da626bc6,4.4,4
bbf22f812649728b2f82060ec723ab6923bdc656,4.4,4
fcff2349ff34c315b53b222cb2cc12d412389898,2.6,3
f8dab6d6eab8184ea61b425a317b6a267787d015,4.4,4
fb671f0483ee98c611bb04042724266b8a0fd703,3.9,4
38498ee520d4030033ada34c98003a9269b5ee14,4.7,5
6cf0f16deeee8816a2fc7ed9a342c7123f5ae7df,3.3,3
a18dcb8326070376c5add7d25c3fd7cb763af5dd,3.7,4
20529c6f3ae83ad38c01a25a592bf72e53279c44,4.2,4
8a8c6054d59b4fbffbc58f8d58631fa6e742bae7,4.1,4
b446ec5ad81b847c0692def14c308f2113e81249,4.4,4
f3a5c8f9df833ee84c9bd431d8fab086d3552aab,4.1,4
f651e089ddb3932af074100a68258a153812dbb7,4.6,5
8ae81368f81c761db83eeb30bd0ff422409ec862,4.6,5
8523afc11c47eba553861dead9f536ea015a3f4c,4.5,5
1f713fa6ead7dc57215fbdc376e548a02af939cd,4.6,5
132272235fd750722f7b8b76858a31e79a12d0b4,4.2,4
d5087622bb59aabd725d35e066f4312438a6b881,4.4,4
2d4937b94f855aaff20741035c5b9a4b98e5b935,3,3
e495659a087b553e93def22d6e615e50fbf16dfd,4.6,5
d5862c8bf373ba8ec5824a7447959f6e1e410b8e,4.4,4
3a851a5dbd672dd3bcc01d507316ede6ddb4ffa2,4.4,4
59bc7a1ae773f09ee885237016530b5bb4b6c21e,4.2,4
68f8975ed7b053580732296b4a410f2fb25c4f72,4.5,5
d764a470c0d1ab0aea61b064753dca665c34b6e1,5,5
6bcfe7f2603f4b3b8d5d15f226eae28d65351704,4.1,4
f3399071442c12e085f67d89f92a02967d25da16,5,5
999a807834c5965233af57e7ba6cee5c88800329,4.1,4
c06d3ff7d81c13b352751d0604db1480a55c372b,3.1,3
19e3e35748c2c263f93f24a85d06f48f2da10bc6,2,2
e6f1bb610c07b355dcf782799abf735e833fcb9b,4.3,4
1167496e9ec03104b3600e676bb1460da0529ce3,4.3,4
a9c13f45fb0fa771111d701e6ba0d4712d30853f,4.1,4
8cb39e4e20083ee0f9ba03eca694e0363d26de0e,4.4,4
556aaaabda8e8daa2a1e90a96355d380bb959cc2,4.3,4
1680eb6d2ed6dad2753b9fba81b587705173b386,4.1,4
1c4a1a0e680600483a2e806335f65a79cd61f46c,4.3,4
89d114ee3e0b11c6c335e9a11f1303bd24a44884,3.5,4
dea02118a41990981a79f082299deab3697b6592,4.1,4
a9eecb7e6cce26fcef64369983f933a4cdd78ac7,4.8,5
53f1fc86f1f1ca78cc2e2eb46fab2ee52e87284a,4.8,5
0c4df78bbedd3713ae4ee8e2a81caf0050652bbf,4.6,5
43cf6642bd6d77845abb7eb63c462f7dd8b9a00b,4.3,4
0b3ae1e8565470b6572601d6a516d90c2d4e20a1,4.1,4
ef73cab99822821bb526a95d0df7948ad7d4158b,4.1,4
9680aec61aa68a34423143c1665857c93534234a,4,4
ab9e642fab9afed5c9a24a49074d0a898cec1713,3.9,4
daa4ebb0cb11fc16b26bc834487def0067c6a812,3.9,4
b5bc61047ae3a0ed4481d52434c4f679f457da23,4.2,4
b2446144f798882cf8a9268c9a19c5b7365cf2e1,4.4,4
60100546fb16301864ab34dfb059aa6a74d9073a,3.7,4
6c146cee66195e7bc2273a73c04d28bd59ebdf8d,3.7,4
0104502ae0e5fba0990a315be8ebbeea4f081f16,3.9,4
17d20529af9f3adca85a0e39a0969056b266b911,4.7,5
816a94bf5c0d4179762ef059c331a37ebba358c2,3.6,4
7576b76ed1c1b5d0f619d5c423d563c93189a414,4.1,4
d191b6079ca7f28d88d5b7d8ceecdf3b22cb24c3,4.7,5
12551be8ffb1ccef97f16032fad1da4e5aaf362d,3.9,4
a765bc2bfd752d754e6c77c9658080a5f8176829,4.6,5
2edc85a4922695f3a3a81a910104de70e8a37569,4.4,4
6b4254cb788a9a0551958d01de401370575c880b,4.3,4
8eaccff67d8de3bfa7b1f399b32563ab331effa8,4.5,5
4de38ccb63573717f085dc16a7c6b56e9e0a546e,4,4
05b8f08985799f1467111db6a5c9732cefcf2543,4.1,4
ffe7fe9af05918233d47c3fdc3893c7d46e91ced,3.7,4
61a35a22e77ad8e43acca10f183770545b309aaf,4.3,4
9c14ab178a6c013100f0f3cf0c8e66e43a0fa415,4.6,5
723b1ea9b77e079ce889f71488e81e924c122b78,4.4,4
e22f6cb6ace41661fa17097a4e6d08ab3882e4d8,4,4
7feb3977c8d5b1ed2e5e6b7f8fec309b4368b20a,3.7,4
238365cbace120e31e475f0e38e0a1a0f5d89f42,4.3,4
67e4294959eb9a8f30a7a060abdbccc304e706d3,4.1,4
84e541d6becfcbdf017c9ece69d6caa5e189031c,4.4,4
1a50b64c10f8c2cfc469ad73883deccf2557e6f0,3.7,4
355f3b454cfafcb568113151acc9194253ccee69,4.1,4
f82993d27137e3a3d0124b1e346fb1ffa7aa0c7c,4.5,5
cf4082992932cf64cc387f741ac347c77eb1f540,3.4,3
2fc1673ac8dcbf6d31c8a28931525191f4fe08f5,4,4
2e46df416fec5ecd88bc8d512a8d4ffd7c971fa0,4.4,4
55c041572672567b4a7d48f0c6a03d63e5c27664,4.8,5
b4f1e7796f53f39a6cfa0cc0d4ef0f7fb2ddaf24,4.4,4
a13e2bb8223dc954f1365fdfd002e499206949b1,4.6,5
c2e6f1326fa5874ecb3fef603524b21c56f630fd,4.6,5
ef5211eacdf6dd6416f1d5b1d52ac4217be6b217,4.2,4
35d34a712fb4daf5b4ff25c56b1a8ad3ca4eaac9,4.4,4
610ea19b8e60e94df9936bf1c900c281df9c0420,4.4,4
beaeb45f049428bff211c28ce973efe432f4d9af,4.4,4
19827c64e854e2afade20f358538c1ce0d600992,4,4
c74e0010fc0dc41e4fdcbc3e85ede33abbb53420,4.2,4
aceaf18935d108a808e5883780ca984a010a2efe,4.4,4
7d0e9a1fd69b4596d1bc6475799819259246727e,4.4,4
92cdeaf101399d675ed9961338e55ea94fb8b9d6,4.5,5
2e3686484f856e14cc52fd8a4f06a4d794f69a15,4.6,5
ffb7338c092fff7a1e16908ee5e7ae85d1e9dc3b,3.8,4
9a956a6d96f77c306a457a24d998ea90c990b785,4.6,5
2a9e43d71658ce39a4a31818d63c087dd2a85c6c,3.8,4
00f3bb1ab015bbf40e1758f9f8ef34e2ea9a97f7,4.3,4
621dbed74a20a218993ade05b484fce21829e714,4.2,4
bfd19db7d7a57fda462cc5987910a000bfba1f76,4.4,4
0e6b1de5afb3d86e6f6263fad394190c8fedac13,3.7,4
e177482b2a72898a67da192bcdc611298eec7f66,4.2,4
5f9b089264b29a766299e6e4f59f4247a134130f,4.3,4
0bd12df7724b8bbf2ae9cd071e2fb39289cebcd1,4.6,5
576480010c7deed62cc9e7fd4c5d7692b3fb1519,4.4,4
ae2842a4597e34f41c420f424418f8dab4a921e6,4.6,5
4484646ea1c0ed118072501403d863270b81e8a4,4.4,4
7b5e7570eec6755fa995f91aed99308cbf768b25,4.5,5
83ed5246f8c2104fea9fda4147297da8e9644f46,3.7,4
2f51dbb573186692ab9dd04428f3b7da42bb56cf,4.4,4
342b855bdcbd7760442facebf3f79c741e3d0622,4.5,5
1c6afc6bde3fe601bc426bcc359f81bc3e4c6127,4,4
152a86ef7b4da32415ff8d63238228ccbe19534c,4.5,5
181f8b7af80eb473af9e586d9eb21a078724f0f9,3,3
69ba9b607bdb3fd5759488b3cf65be07ce63bb07,4.3,4
7acb1098a3e8a7643924e7bea64af6eab1b04767,4.5,5
2072e0bda1a364dbc354ba607057f59cf1562c19,4.5,5
678ea7d3ab804a330fe1bca79d1fa5e949cd0713,4.5,5
c100ea4804ccdb7e1711743d0106b629a129ef37,4.5,5
af0f6dbbb9b600f5e691ec16c71ffabae6f766da,4.5,5
a698520f5d66bddb298231bf8d0f4611da626bc6,4.4,4
bbf22f812649728b2f82060ec723ab6923bdc656,4.4,4
fcff2349ff34c315b53b222cb2cc12d412389898,2.6,3
f8dab6d6eab8184ea61b425a317b6a267787d015,4.4,4
fb671f0483ee98c611bb04042724266b8a0fd703,3.9,4
38498ee520d4030033ada34c98003a9269b5ee14,4.7,5
6cf0f16deeee8816a2fc7ed9a342c7123f5ae7df,3.3,3
a18dcb8326070376c5add7d25c3fd7cb763af5dd,3.7,4
20529c6f3ae83ad38c01a25a592bf72e53279c44,4.2,4
8a8c6054d59b4fbffbc58f8d58631fa6e742bae7,4.1,4
b446ec5ad81b847c0692def14c308f2113e81249,4.4,4
f3a5c8f9df833ee84c9bd431d8fab086d3552aab,4.1,4
f651e089ddb3932af074100a68258a153812dbb7,4.6,5
8ae81368f81c761db83eeb30bd0ff422409ec862,4.6,5
8523afc11c47eba553861dead9f536ea015a3f4c,4.5,5
1f713fa6ead7dc57215fbdc376e548a02af939cd,4.6,5
132272235fd750722f7b8b76858a31e79a12d0b4,4.2,4
d5087622bb59aabd725d35e066f4312438a6b881,4.4,4
2d4937b94f855aaff20741035c5b9a4b98e5b935,3,3
e495659a087b553e93def22d6e615e50fbf16dfd,4.6,5
d5862c8bf373ba8ec5824a7447959f6e1e410b8e,4.4,4
3a851a5dbd672dd3bcc01d507316ede6ddb4ffa2,4.4,4
59bc7a1ae773f09ee885237016530b5bb4b6c21e,4.2,4
68f8975ed7b053580732296b4a410f2fb25c4f72,4.5,5
d764a470c0d1ab0aea61b064753dca665c34b6e1,5,5
6bcfe7f2603f4b3b8d5d15f226eae28d65351704,4.1,4
f3399071442c12e085f67d89f92a02967d25da16,5,5
999a807834c5965233af57e7ba6cee5c88800329,4.1,4
c06d3ff7d81c13b352751d0604db1480a55c372b,3.1,3
19e3e35748c2c263f93f24a85d06f48f2da10bc6,2,2
acef39cfc806d158813451ed1160ad3ec7e0d268,4.4,4
2c2ebb0a78a99e89ab576648a892e8db46f621de,4.5,5
17083cffd6b9c76a72ba291895e49d0392e1e39d,4.6,5
6c342e90c00df7491fc306ecada0165156e6c3fa,4.1,4
8791f8cf746d084f601cdb51ca7eb172232e69df,3.5,4
b77322ad919211a9d3aab2f68006052df4e93a31,4.3,4
93a7d80799858a8bceceefcf82a6120683226d5d,4.3,4
3fc1902e33bf7873bd5879a4b8de5183c961a02f,4.3,4
8f3b0d56a6a3363c0e72b9584de3005aae154501,4.3,4
eb5ede26281dd93dee5a51890c6bc7c0ae549dc4,4.4,4
449f8fba293283d339f2ba4c382027db5931381c,4.3,4
5bc8face2b43a49bfe9255178f7e0b55aaa127ff,4,4
8a56b8dbaf3f3215dc984abfad30e6acdcda7436,4.5,5
f163cbdba0d980a5c8115ce41ccc9fb104576062,3.4,3
14a976c9eff2c5c6abc99877bb8ebc4c5346a226,4.3,4
dfc174e4877213c01dcc41c8ba57d34ca89ff644,2.8,3
f19395b85475bc613130f5377025cde4f0b8bee8,3.7,4
7b8f6d5c25c6d23878c5555311bb18464c8d4cd6,3.5,4
fe12effcc90a16cfac7bafeaca155da050a1ea61,3.3,3
5fd87005a4581a23f5964246373769f57c72f485,4.4,4
6cb870f58c475864214f53cddb54172c4500c685,4.6,5
13e6d9380f80cee729d8bcdc14271c92e8b260de,3.7,4
3a2869b044abf1aba5ae2874e0010472e090604d,4.5,5
d7cda5a8bc40a3da64107645fabbafabfff3bced,4,4
0916483baae0c5e1e11432c1946f9bc1a69d71b0,4.5,5
e2cb7017756442047317db860b7efc804f5e8606,4.1,4
9c5d2903d6c8e41bc8cd1dc47c9704dc6b235bae,3.4,3
20df02b003c83e0fcdd89e1e62da911c6bb75256,3.2,3
8d21d27cd247280155177767b14828e840bcc2a2,4,4
c240a5f9e3d8684fd1ee8193eb62951d8f30c1f3,3.5,4
2d7af84f717515cde25b88788ef5a251d52899b9,3.7,4
83941dde0c01401dbf79373c4657dea8d6eb4331,4.3,4
170eb40a8061ab055ce752fe31745569c615fdeb,4.3,4
21cda1b9e64f647d7932af536fc2e8ea39626762,3.8,4
8309d0d9d6e0de926c71c598bd52708ba82076a7,3.4,3
47e40814c5fc35739dd0b795695ea1e5ccd67ddb,3.2,3
9cb02d8c110e95c80e9e472b5644b4a1c6d011b3,4,4
82d9d3ccced5245f2423056a26ec34e127cb839e,4.2,4
49c3f549b86e500ffadd325cd0812ab5432e9e7f,3.5,4
4ed70508f6838b38705ebc7e37e1506ae967b53c,3.2,3
37c108cdc3c933c33ee95d6c2cdc64f38023a818,3.7,4
7caa9f0fde10638bd46342b6781fbbf4bb2d4b93,3.8,4
a17bb931a07072461e190004817e5a01d5b9af95,3.4,3
5a16d04488e2679228d3284dfce552771bb82765,2.5,3
d01bdb34ddbbab889ede614682594bb76a1002cb,3.2,3
1634f52f083902e686afbe56b9942c519924ba8b,3.4,3
45efc114a72c2dcb5e943d6f0c43db94e89c525a,4.5,5
fee59f2a7c187727c1b69f4214c5870b559e57d9,2.7,3
b63835d4dd875eebc8972a009c5af727f86c424b,4.2,4
5a0dc03c4a88f7dff41248893d4c8a234a9c3288,4,4
8e67ae457ee8e96a625dfe0a718f6b346739acee,2.7,3
6c25f0ed0672b6b95df336ab85843a7897876e2e,2.7,3
eae90ce1927d873f95faa37984b0673dd7439d69,3.9,4
9a910365e41ef0dac1620d06d6ddb7dad3cc3bf8,4.4,4
9dc89a1736502664e8d49c22a8f2c6d7dd843f77,4.8,5
bae9ce25560bfad5b32595994ff8dc64e89df86e,4.5,5
43c9b75f6ed4f4d1b879b4e8d47dea0ca770c607,3.5,4
2cfbf2419e8e61ef9b6c618c4bba7315e81726ad,4.1,4
41852c0a564837868e580dee891b4ca59b362852,4.7,5
facfdc864819fa1b1b816a582f9a35bc7d507e3b,3.1,3
18709b7824b75d796e8e7c1072569e9d7f9b55dd,5,5
91b2d297197ff42d103ecea7669ed0dcd618b00a,4.4,4
d560cf1ed438cc4c42be6ecd67c3e3721759bb09,4.2,4
3b0dc752b96ffbcdfba13e45a670a60ea0cb274b,4,4
d97969dba173419cbf83920937a47f78d2666dbd,4.2,4
86d0113658643c6dec4df5b9e8771acd8084d0f8,3,3
54123d01843478618a7e92a1a8509051127fb835,3.8,4
6215ded8612be4ed75ab3b1cf2fc4dc8e31ebf91,4.3,4
5ff2008ca7564c6e2e11755eb60c089bf752ef1f,4.3,4
d204676e4cf68b4e914f760b4f13af926e372786,2.8,3
c7327bcebbbb0eb0472e0dc6e6833bd6753255f6,2.8,3
1b272e807498994b3326f1fbd372d20d08486213,3.9,4
430b21e1ab0ecbd3932a74bc4238d0fe626d48f1,4.5,5
cbf029b2816d5c588a096c5391d12b34c0ec8538,4.6,5
7fbb9d5005d5dcff20200adca12d513e58545a93,3.4,3
e4e726b249593342fc8e4012a965f44c4e4d2085,3.6,4
2c299ff5c26fe87ed643b25ac02bc8e9ebd47c89,4.2,4
e9c979b739e9afbddbeff957730ad69e5e6dec88,4.3,4
40210a3d8b79adf10099a617405fe884d2fd7865,4.6,5
0ca81d038f8217184929c124a29b432807a305d0,4.5,5
e74b85abc5ee7ffdd5a3c267f0a2acccf7e80e09,3.9,4
0846da78ab0816bec42c512a701f0e42d11ed158,4.2,4
ca95e9835d71ae6add71b8caed4365cdecc83d3e,4,4
0bd12df7724b8bbf2ae9cd071e2fb39289cebcd1,4.6,5
ca71f7e35bd905d4a1c4e59cae6022d8d643ce22,4.5,5
cd4f53f6e80758d716e6a14716f14ecca12efc3a,4.3,4
fbe4150beebf7d92f9e4d6201b8425942f18ffae,4.4,4
dc23a1a56b661dd649fee3a346b7f70ebaa417ea,4.2,4
a09b92f73551df6ddd0f158bcfa7edebf0fb063a,4,4
66963b52729b28367cf32e4931fbf5b8fd1d1469,2.8,3
7f71acf40d7cf5f9d21725f0913d029c7c039f38,4,4
1f6116f03193358b1534fe5f958dfc0cf392254f,4.3,4
d38064b077fe15c4ae96256c069fa4a40052a472,4.2,4
d5627a49e14ae859e47f7e11a67595edef13f265,3.7,4
15d34e8e8047e75993b3056d1ba0e1ec16dc2eec,4.6,5
8b30fce19b044d217f0982d79983cc1628f53d56,4.1,4
0ad8a647a397367bd509199e22c16ee8c432d643,4.3,4
c8cee23918fde4323a7cab92c7cd9c38c1c82f3b,4.3,4
a620a0e5603ab5893d014769fd594eb7afb1c8a0,3.9,4
6548db2b079ef5c070d7f70cb6b199e2719eb397,3.8,4
376653296a2cf51f106c340ca4d4e760530b85fd,3.2,3
dc401962605f100b9f95c0be9f7dca5c3aeaa1a5,3.8,4
e51817e6a2b39632f203504e1a85bebf147535b2,4.4,4
8ed64c9438f347950a2561e10f09bf9093cbf5ab,4.2,4
eeaed211a2af46277f4ffc955acc85052d5ce1ad,3.1,3
3a4921d794c20a3d0dc801964d4f4cd678d7ca6c,4.4,4
b7b613a4b0ad8355697a0f1a343ea84a29ab34fa,3.7,4
9c62e19e4ca38bb02d318a524567f5998eac1522,3.5,4
7d09a087260d89a277ea1d6e7af63fb733e61fe0,4.1,4
28564c7ad18c2bcb1ac98e41b2694e1c6d0271bf,4.8,5
a9366341670fa52e0d14be3ab6fcd8e2af2eb154,3.5,4
a7a77ac2e1131e6ab8920cd97eebaace355b83a0,4.4,4
f225627e7fbb3790c1b151ff5559a628bc42d41d,4,4
f51ae1e91cfe9873f8c865de119e0a1ebdedd84e,4.2,4
67e68b414e3cd0ebf06455aa126d1cb8a214a7af,4.1,4
3373181ba9dc2b6bab1b75205413079d72972213,4.4,4
633dfcdd5fb2bd8b5d4f248fb5b07c9f27fe58c4,3.8,4
7083b32c917e88f75613eafd4e0df2daf1151d80,4.8,5
33cb0bdb58aa85603c91fb296d43124aa5ff14a5,4,4
9eedf7a9d5ba700c7e740087ccbe3c79a4f17d79,4.5,5
1d3591986a0d5edc04015053b5d8a150282716ee,4.1,4
cff0feecb3f469206e867326ebe8ce27ec823fae,3.7,4
620d575acafaf98eecaa28506e710f05458b7e56,5,5
7d9e9e6c4abbb523fdcab79a530dbeaabac01e45,3.7,4
c37cd3ac9f347789aa3579e662295a6bfea6f51c,3.8,4
4c37bf5f5eac638ebe60a5baf644415f45c07007,3,3
0f1328e99c52095227d25128452fbc38bcf02c5a,4.3,4
6eb5e5d8ffe90e8d5c5cd3d8d383f2c4006c8cd4,4.2,4
253d6019d8da88be7978fc879e9c5460cd76252a,3.9,4
ae7746576838490198e2994c9e839cf3d02dbd82,4.2,4
0b1577bdebaea0798c5b07dce103f5a4ab844b3d,4.4,4
1e6f383e21ea8664ddc5eee4053dab36c2fc3214,4,4
daca0279226f72e9a5e6df468d388aee3584a237,3.6,4
d281aa5bb4b15168ba1c0ba70244a8b6eedf15a3,4.3,4
be7e87ba7ed1943811db35ca0d288a135be72a8a,,0
322fe186b5ddc4cc71c37ba7a2dc4761aa486f36,3.3,3
2e2150d8cfe9a284cd19a6a6910a6bf3585e2412,4.1,4
96f3c5cc28dad48b733c955336c3a1a0a5013100,4.1,4
e7bb9f015996414bbaf6c13cbfc2e8ab55abe88b,3.8,4
e117875d138bbefbbcad9a4b9dba222e207ef53c,3.9,4
1f678c9bced21f0b2248c6f9fe4f2d3b85cd0688,4,4
d11d60eec76ff3a07acf9b4afed336e592b37675,3.2,3
6d5d684a2830e042c157ac694d6a084225c9c810,4.1,4
9a0e87fd9cd7cf8898d988a5c6bdcd069b0e9bcb,4.4,4
8654fbc772bef4903ca2d3c8f341d8a33b11e181,3,3
15348bc9bbf8b9072da5ca7458ad3e760161c820,4.2,4
566632cdc07c796716d13c43d4460618adbf6631,4.2,4
c28d7bc5664a1394711c5bed767c272d287b3b49,4.4,4
130a022cae6fc128eddfdefe3321db16fd1522ed,3.8,4
820e674c43f6e92e51e9a84faf87ca6e5b3e623f,3.8,4
,,0
ac4bdb27c008af8154bd31f64f86f600a5d25e2f,4.4,4
f30ed465c45627b83238c6229747a405d22d46ee,4.6,5
86c6c11f6aa2f5ad3d49d2c00c5f957e8d640e59,4.3,4
6ef5025a89a21e29b59313b253d4298a055aecda,4.2,4
,,0
864b76b730de38d1b4a05dfef49e237943960757,4.6,5
2fde7dbc6c545e35abc18918c755210e19cd7ab7,4.5,5
62fb052ba04a0a790df78318971563f895f77268,4.3,4
1f89a78e40b9e133dd367b27f2f2bd4a4694354b,4.2,4
11483b5ca36e6194d403ea2e3dd79f2e1f8c92b4,4.1,4
b30efadc51c52a2f5c25025fa713024ff270aec4,3.9,4
8ae81368f81c761db83eeb30bd0ff422409ec862,4.6,5
605a44b49dff13c643f812ff34614aac18771a2f,3.9,4
,,0
,,0
892939490fcb90c8e85c7fdf00bca14b85cdc3d5,4.1,4
,,0
,,0
35649f7a425f9839b0214371331a0724b852e7b5,3.9,4
,,0
,,0
,,0
,,0
,,0
,,0
,,0
,,0
,,0
,,0
,,0
acef39cfc806d158813451ed1160ad3ec7e0d268,4.4,4
2c2ebb0a78a99e89ab576648a892e8db46f621de,4.5,5
17083cffd6b9c76a72ba291895e49d0392e1e39d,4.6,5
6c342e90c00df7491fc306ecada0165156e6c3fa,4.1,4
8791f8cf746d084f601cdb51ca7eb172232e69df,3.5,4
b77322ad919211a9d3aab2f68006052df4e93a31,4.3,4
93a7d80799858a8bceceefcf82a6120683226d5d,4.3,4
3fc1902e33bf7873bd5879a4b8de5183c961a02f,4.3,4
8f3b0d56a6a3363c0e72b9584de3005aae154501,4.3,4
eb5ede26281dd93dee5a51890c6bc7c0ae549dc4,4.4,4
449f8fba293283d339f2ba4c382027db5931381c,4.3,4
5bc8face2b43a49bfe9255178f7e0b55aaa127ff,4,4
8a56b8dbaf3f3215dc984abfad30e6acdcda7436,4.5,5
f163cbdba0d980a5c8115ce41ccc9fb104576062,3.4,3
14a976c9eff2c5c6abc99877bb8ebc4c5346a226,4.3,4
dfc174e4877213c01dcc41c8ba57d34ca89ff644,2.8,3
f19395b85475bc613130f5377025cde4f0b8bee8,3.7,4
7b8f6d5c25c6d23878c5555311bb18464c8d4cd6,3.5,4
fe12effcc90a16cfac7bafeaca155da050a1ea61,3.3,3
5fd87005a4581a23f5964246373769f57c72f485,4.4,4
6cb870f58c475864214f53cddb54172c4500c685,4.6,5
13e6d9380f80cee729d8bcdc14271c92e8b260de,3.7,4
3a2869b044abf1aba5ae2874e0010472e090604d,4.5,5
d7cda5a8bc40a3da64107645fabbafabfff3bced,4,4
0916483baae0c5e1e11432c1946f9bc1a69d71b0,4.5,5
e2cb7017756442047317db860b7efc804f5e8606,4.1,4
9c5d2903d6c8e41bc8cd1dc47c9704dc6b235bae,3.4,3
20df02b003c83e0fcdd89e1e62da911c6bb75256,3.2,3
8d21d27cd247280155177767b14828e840bcc2a2,4,4
c240a5f9e3d8684fd1ee8193eb62951d8f30c1f3,3.5,4
2d7af84f717515cde25b88788ef5a251d52899b9,3.7,4
83941dde0c01401dbf79373c4657dea8d6eb4331,4.3,4
170eb40a8061ab055ce752fe31745569c615fdeb,4.3,4
21cda1b9e64f647d7932af536fc2e8ea39626762,3.8,4
8309d0d9d6e0de926c71c598bd52708ba82076a7,3.4,3
47e40814c5fc35739dd0b795695ea1e5ccd67ddb,3.2,3
9cb02d8c110e95c80e9e472b5644b4a1c6d011b3,4,4
82d9d3ccced5245f2423056a26ec34e127cb839e,4.2,4
49c3f549b86e500ffadd325cd0812ab5432e9e7f,3.5,4
4ed70508f6838b38705ebc7e37e1506ae967b53c,3.2,3
37c108cdc3c933c33ee95d6c2cdc64f38023a818,3.7,4
7caa9f0fde10638bd46342b6781fbbf4bb2d4b93,3.8,4
a17bb931a07072461e190004817e5a01d5b9af95,3.4,3
5a16d04488e2679228d3284dfce552771bb82765,2.5,3
d01bdb34ddbbab889ede614682594bb76a1002cb,3.2,3
1634f52f083902e686afbe56b9942c519924ba8b,3.4,3
45efc114a72c2dcb5e943d6f0c43db94e89c525a,4.5,5
fee59f2a7c187727c1b69f4214c5870b559e57d9,2.7,3
b63835d4dd875eebc8972a009c5af727f86c424b,4.2,4
5a0dc03c4a88f7dff41248893d4c8a234a9c3288,4,4
8e67ae457ee8e96a625dfe0a718f6b346739acee,2.7,3
6c25f0ed0672b6b95df336ab85843a7897876e2e,2.7,3
eae90ce1927d873f95faa37984b0673dd7439d69,3.9,4
9a910365e41ef0dac1620d06d6ddb7dad3cc3bf8,4.4,4
9dc89a1736502664e8d49c22a8f2c6d7dd843f77,4.8,5
bae9ce25560bfad5b32595994ff8dc64e89df86e,4.5,5
43c9b75f6ed4f4d1b879b4e8d47dea0ca770c607,3.5,4
2cfbf2419e8e61ef9b6c618c4bba7315e81726ad,4.1,4
41852c0a564837868e580dee891b4ca59b362852,4.7,5
facfdc864819fa1b1b816a582f9a35bc7d507e3b,3.1,3
18709b7824b75d796e8e7c1072569e9d7f9b55dd,5,5
91b2d297197ff42d103ecea7669ed0dcd618b00a,4.4,4
d560cf1ed438cc4c42be6ecd67c3e3721759bb09,4.2,4
3b0dc752b96ffbcdfba13e45a670a60ea0cb274b,4,4
d97969dba173419cbf83920937a47f78d2666dbd,4.2,4
86d0113658643c6dec4df5b9e8771acd8084d0f8,3,3
54123d01843478618a7e92a1a8509051127fb835,3.8,4
6215ded8612be4ed75ab3b1cf2fc4dc8e31ebf91,4.3,4
5ff2008ca7564c6e2e11755eb60c089bf752ef1f,4.3,4
d204676e4cf68b4e914f760b4f13af926e372786,2.8,3
c7327bcebbbb0eb0472e0dc6e6833bd6753255f6,2.8,3
1b272e807498994b3326f1fbd372d20d08486213,3.9,4
430b21e1ab0ecbd3932a74bc4238d0fe626d48f1,4.5,5
cbf029b2816d5c588a096c5391d12b34c0ec8538,4.6,5
7fbb9d5005d5dcff20200adca12d513e58545a93,3.4,3
e4e726b249593342fc8e4012a965f44c4e4d2085,3.6,4
2c299ff5c26fe87ed643b25ac02bc8e9ebd47c89,4.2,4
e9c979b739e9afbddbeff957730ad69e5e6dec88,4.3,4
40210a3d8b79adf10099a617405fe884d2fd7865,4.6,5
0ca81d038f8217184929c124a29b432807a305d0,4.5,5
e74b85abc5ee7ffdd5a3c267f0a2acccf7e80e09,3.9,4
0846da78ab0816bec42c512a701f0e42d11ed158,4.2,4
ca95e9835d71ae6add71b8caed4365cdecc83d3e,4,4
0bd12df7724b8bbf2ae9cd071e2fb39289cebcd1,4.6,5
ca71f7e35bd905d4a1c4e59cae6022d8d643ce22,4.5,5
cd4f53f6e80758d716e6a14716f14ecca12efc3a,4.3,4
fbe4150beebf7d92f9e4d6201b8425942f18ffae,4.4,4
dc23a1a56b661dd649fee3a346b7f70ebaa417ea,4.2,4
a09b92f73551df6ddd0f158bcfa7edebf0fb063a,4,4
66963b52729b28367cf32e4931fbf5b8fd1d1469,2.8,3
7f71acf40d7cf5f9d21725f0913d029c7c039f38,4,4
1f6116f03193358b1534fe5f958dfc0cf392254f,4.3,4
d38064b077fe15c4ae96256c069fa4a40052a472,4.2,4
d5627a49e14ae859e47f7e11a67595edef13f265,3.7,4
15d34e8e8047e75993b3056d1ba0e1ec16dc2eec,4.6,5
8b30fce19b044d217f0982d79983cc1628f53d56,4.1,4
0ad8a647a397367bd509199e22c16ee8c432d643,4.3,4
c8cee23918fde4323a7cab92c7cd9c38c1c82f3b,4.3,4
a620a0e5603ab5893d014769fd594eb7afb1c8a0,3.9,4
6548db2b079ef5c070d7f70cb6b199e2719eb397,3.8,4
376653296a2cf51f106c340ca4d4e760530b85fd,3.2,3
dc401962605f100b9f95c0be9f7dca5c3aeaa1a5,3.8,4
e51817e6a2b39632f203504e1a85bebf147535b2,4.4,4
8ed64c9438f347950a2561e10f09bf9093cbf5ab,4.2,4
eeaed211a2af46277f4ffc955acc85052d5ce1ad,3.1,3
3a4921d794c20a3d0dc801964d4f4cd678d7ca6c,4.4,4
b7b613a4b0ad8355697a0f1a343ea84a29ab34fa,3.7,4
9c62e19e4ca38bb02d318a524567f5998eac1522,3.5,4
7d09a087260d89a277ea1d6e7af63fb733e61fe0,4.1,4
28564c7ad18c2bcb1ac98e41b2694e1c6d0271bf,4.8,5
a9366341670fa52e0d14be3ab6fcd8e2af2eb154,3.5,4
a7a77ac2e1131e6ab8920cd97eebaace355b83a0,4.4,4
f225627e7fbb3790c1b151ff5559a628bc42d41d,4,4
f51ae1e91cfe9873f8c865de119e0a1ebdedd84e,4.2,4
67e68b414e3cd0ebf06455aa126d1cb8a214a7af,4.1,4
3373181ba9dc2b6bab1b75205413079d72972213,4.4,4
633dfcdd5fb2bd8b5d4f248fb5b07c9f27fe58c4,3.8,4
7083b32c917e88f75613eafd4e0df2daf1151d80,4.8,5
33cb0bdb58aa85603c91fb296d43124aa5ff14a5,4,4
9eedf7a9d5ba700c7e740087ccbe3c79a4f17d79,4.5,5
1d3591986a0d5edc04015053b5d8a150282716ee,4.1,4
cff0feecb3f469206e867326ebe8ce27ec823fae,3.7,4
620d575acafaf98eecaa28506e710f05458b7e56,5,5
7d9e9e6c4abbb523fdcab79a530dbeaabac01e45,3.7,4
c37cd3ac9f347789aa3579e662295a6bfea6f51c,3.8,4
4c37bf5f5eac638ebe60a5baf644415f45c07007,3,3
0f1328e99c52095227d25128452fbc38bcf02c5a,4.3,4
6eb5e5d8ffe90e8d5c5cd3d8d383f2c4006c8cd4,4.2,4
253d6019d8da88be7978fc879e9c5460cd76252a,3.9,4
ae7746576838490198e2994c9e839cf3d02dbd82,4.2,4
0b1577bdebaea0798c5b07dce103f5a4ab844b3d,4.4,4
1e6f383e21ea8664ddc5eee4053dab36c2fc3214,4,4
daca0279226f72e9a5e6df468d388aee3584a237,3.6,4
d281aa5bb4b15168ba1c0ba70244a8b6eedf15a3,4.3,4
be7e87ba7ed1943811db35ca0d288a135be72a8a,,0
322fe186b5ddc4cc71c37ba7a2dc4761aa486f36,3.3,3
2e2150d8cfe9a284cd19a6a6910a6bf3585e2412,4.1,4
96f3c5cc28dad48b733c955336c3a1a0a5013100,4.1,4
e7bb9f015996414bbaf6c13cbfc2e8ab55abe88b,3.8,4
e117875d138bbefbbcad9a4b9dba222e207ef53c,3.9,4
1f678c9bced21f0b2248c6f9fe4f2d3b85cd0688,4,4
d11d60eec76ff3a07acf9b4afed336e592b37675,3.2,3
6d5d684a2830e042c157ac694d6a084225c9c810,4.1,4
9a0e87fd9cd7cf8898d988a5c6bdcd069b0e9bcb,4.4,4
8654fbc772bef4903ca2d3c8f341d8a33b11e181,3,3
15348bc9bbf8b9072da5ca7458ad3e760161c820,4.2,4
566632cdc07c796716d13c43d4460618adbf6631,4.2,4
c28d7bc5664a1394711c5bed767c272d287b3b49,4.4,4
130a022cae6fc128eddfdefe3321db16fd1522ed,3.8,4
820e674c43f6e92e51e9a84faf87ca6e5b3e623f,3.8,4
,,0
ac4bdb27c008af8154bd31f64f86f600a5d25e2f,4.4,4
f30ed465c45627b83238c6229747a405d22d46ee,4.6,5
86c6c11f6aa2f5ad3d49d2c00c5f957e8d640e59,4.3,4
6ef5025a89a21e29b59313b253d4298a055aecda,4.2,4
,,0
864b76b730de38d1b4a05dfef49e237943960757,4.6,5
2fde7dbc6c545e35abc18918c755210e19cd7ab7,4.5,5
62fb052ba04a0a790df78318971563f895f77268,4.3,4
1f89a78e40b9e133dd367b27f2f2bd4a4694354b,4.2,4
11483b5ca36e6194d403ea2e3dd79f2e1f8c92b4,4.1,4
b30efadc51c52a2f5c25025fa713024ff270aec4,3.9,4
8ae81368f81c761db83eeb30bd0ff422409ec862,4.6,5
605a44b49dff13c643f812ff34614aac18771a2f,3.9,4
,,0
,,0
892939490fcb90c8e85c7fdf00bca14b85cdc3d5,4.1,4
,,0
b9ae9206206878187d4e795d9908ee6b756284bf,4.2,4
35649f7a425f9839b0214371331a0724b852e7b5,3.9,4
18cc06440904ce884726e2776e24bf6beac30e69,3.9,4
,,0
,,0
,,0
605c29cf25dd33bb07dae389ea0417a5b0dae74f,4.4,4
,,0
,,0
,,0
,,0
339f645feac3d73e12940dc222f13ef3e2079c7d,4.3,4
75aa7b007db3bb932f6146e1d4ccb345aa4c9677,4.4,4
cd74052e9f22f1c1306bee8f80cd3bcd239f778c,4.3,4
b66f663f6a55b8b862f2f7f1a2aada7723a8a12d,4.6,5
b7bcbf26ef951849ba167461080bdc3a03120262,4,4
87df92c457c69c031bd9df769993e9a8cb735c72,4.5,5
ee3e0bbf1609479eca9ddb7f50bf9ede247ab37a,4.3,4
0ff02e5f6e11de4f7810d9887da01b88ccec0380,4.3,4
61a35a22e77ad8e43acca10f183770545b309aaf,4.3,4
7feb3977c8d5b1ed2e5e6b7f8fec309b4368b20a,3.7,4
2480880e4dc62e832eb4a7cd01528f6611ccc7a9,4.4,4
,,0
,,0
,,0
,,0
,,0
,,0
,,0
,,0
,,0
,,0
,,0
,,0
,,0
,,0
,,0
,,0
,,0
,,0
,,0
,,0
,,0
,,0
,,0
,,0
,,0
,,0
,,0
,,0
,,0
,,0
,,0
,,0
,,0
,,0
,,0
,,0
,,0
,,0
,,0
,,0
,,0
,,0
,,0
,,0
,,0
,,0
,,0
,,0
,,0
,,0
,,0
,,0
,,0
,,0
,,0
,,0
,,0
,,0
,,0
,,0
,,0
,,0
,,0
,,0
,,0
,,0
,,0
,,0
,,0
,,0
,,0
,,0
,,0
,,0
,,0
,,0
,,0
,,0
,,0
,,0
,,0
,,0
,,0
,,0
,,0
,,0
,,0
,,0
,,0
,,0
,,0
,,0
,,0
,,0
,,0
,,0
,,0
,,0
,,0
,,0
,,0
,,0
,,0
,,0
,,0
,,0
,,0
,,0
,,0
,,0
,,0
,,0
,,0
,,0
,,0
,,0
,,0
,,0
,,0
,,0
,,0
,,0
,,0
,,0
,,0
,,0
,,0
,,0
,,0
,,0
,,0
,,0
,,0
,,0
,,0
,,0
,,0
,,0
,,0
,,0
,,0
,,0
,,0
,,0
,,0
,,0
,,0
,,0
,,0
,,0
,,0
,,0
,,0
,,0
,,0
cd74052e9f22f1c1306bee8f80cd3bcd239f778c,4.3,4
b66f663f6a55b8b862f2f7f1a2aada7723a8a12d,4.6,5
b7bcbf26ef951849ba167461080bdc3a03120262,4,4
87df92c457c69c031bd9df769993e9a8cb735c72,4.5,5
ee3e0bbf1609479eca9ddb7f50bf9ede247ab37a,4.3,4
0ff02e5f6e11de4f7810d9887da01b88ccec0380,4.3,4
61a35a22e77ad8e43acca10f183770545b309aaf,4.3,4
7feb3977c8d5b1ed2e5e6b7f8fec309b4368b20a,3.7,4
2480880e4dc62e832eb4a7cd01528f6611ccc7a9,4.4,4
,,0
,,0
,,0
,,0
,,0
,,0
,,0
,,0
,,0
,,0
,,0
,,0
,,0
,,0
,,0
,,0
,,0
,,0
,,0
,,0
,,0
,,0
,,0
,,0
,,0
,,0
,,0
,,0
,,0
,,0
,,0
,,0
,,0
,,0
,,0
,,0
,,0
,,0
,,0
,,0
,,0
,,0
,,0
,,0
,,0
,,0
,,0
,,0
,,0
,,0
,,0
,,0
,,0
,,0
,,0
,,0
,,0
,,0
,,0
,,0
,,0
,,0
,,0
,,0
,,0
,,0
,,0
,,0
,,0
,,0
,,0
,,0
,,0
,,0
,,0
,,0
,,0
,,0
,,0
,,0
,,0
,,0
,,0
,,0
,,0
,,0
,,0
,,0
,,0
,,0
,,0
,,0
,,0
,,0
,,0
,,0
,,0
,,0
,,0
,,0
,,0
,,0
,,0
,,0
,,0
,,0
,,0
,,0
,,0
,,0
,,0
,,0
,,0
,,0
,,0
,,0
,,0
,,0
,,0
,,0
,,0
,,0
,,0
,,0
,,0
,,0
,,0
,,0
,,0
,,0
,,0
,,0
,,0
,,0
,,0
,,0
,,0
,,0
,,0
,,0
,,0
,,0
,,0
,,0
,,0
,,0
,,0
,,0
,,0
,,0
,,0
,,0
,,0
,,0
,,0
